CID,MolMR,NumRotatableBonds,NumHAcceptors,NumHDonors,TPSA,LabuteASA,MolLogP
LON-WEI-4d77710c-2,111.0806,6,6,0,94.31,182.56347266653466,4.426500000000003
LON-WEI-4d77710c-4,114.56640000000004,4,3,2,63.13,166.07975018416263,5.372420000000004
LON-WEI-4d77710c-5,101.37640000000003,4,5,2,81.59,149.70940880874187,3.1997000000000018
LON-WEI-4d77710c-6,98.27690000000001,3,4,2,80.2,143.64384044977183,3.3851000000000013
LON-WEI-4d77710c-8,113.23460000000003,6,9,0,132.96,178.65619271438686,2.13352
LON-WEI-4d77710c-9,96.92740000000002,4,5,2,89.16000000000001,144.17753612931395,3.597920000000002
LON-WEI-4d77710c-10,108.10900000000002,6,7,1,107.48,177.305964148909,2.762600000000001
LON-WEI-4d77710c-11,108.61760000000002,5,9,0,132.96,172.29125059999026,1.7434200000000004
LON-WEI-4d77710c-12,104.22890000000001,4,5,2,89.42999999999998,155.12232779367528,3.359200000000002
LON-WEI-4d77710c-13,99.04140000000007,5,4,2,72.36000000000001,146.7225909060214,2.958000000000001
LON-WEI-4d77710c-18,101.37640000000003,4,5,2,81.59,149.70940880874187,3.1997000000000018
LON-WEI-4d77710c-19,73.13430000000002,3,2,1,57.61,115.81954625210513,2.4683
LON-WEI-4d77710c-20,122.07010000000004,6,3,3,78.92,174.4679696456674,4.503000000000003
LON-WEI-4d77710c-22,99.92440000000005,4,4,2,76.02000000000001,145.06690844507122,3.696500000000002
LON-WEI-4d77710c-23,93.27440000000003,2,3,2,63.13,145.61398244411018,4.2013000000000025
LON-WEI-4d77710c-24,125.5952,7,6,1,68.28999999999999,187.91422244464403,5.896500000000004
LON-WEI-4d77710c-26,83.24840000000002,3,3,2,70.65,120.77985595287757,2.26802
LON-WEI-4d77710c-27,106.69040000000007,4,3,2,63.13,154.33892990530774,4.501800000000004
LON-WEI-4d77710c-28,118.45040000000003,7,5,2,81.59,175.16917726632823,3.996400000000003
LON-WEI-4d77710c-29,118.13840000000003,7,7,2,102.31999999999998,177.4421075026197,3.8636000000000026
LON-WEI-4d77710c-30,115.30740000000004,4,5,2,76.02000000000001,165.38893624721788,4.9112000000000045
LON-WEI-4d77710c-32,80.13470000000005,3,3,1,39.06,121.13637960608133,2.3797800000000002
LON-WEI-4d77710c-33,116.57870000000003,3,5,1,72.80000000000001,174.37331759939434,3.706900000000002
LON-WEI-4d77710c-36,104.57140000000001,3,4,2,72.36,154.8991298061166,4.152920000000003
LON-WEI-4d77710c-39,97.83440000000003,5,4,2,76.27000000000001,145.00653184259812,3.274300000000001
LON-WEI-4d77710c-40,111.23540000000006,6,3,2,63.13,160.01426898752007,4.669500000000004
LON-WEI-4d77710c-41,111.43530000000001,5,7,1,122.74,172.95006211049207,2.1106999999999996
LON-WEI-4d77710c-42,117.32140000000004,4,3,2,63.13,170.3011977681819,4.856600000000004
LON-WEI-4d77710c-43,118.42840000000004,5,4,2,72.36,173.99395614930646,5.271920000000004
LON-WEI-4d77710c-44,97.61240000000005,5,4,2,76.27000000000001,145.00653184259818,3.5722000000000014
LON-WEI-4d77710c-48,123.31740000000003,8,5,2,81.59,181.53411938072486,4.0389000000000035
LON-WEI-4d77710c-51,109.74840000000002,6,5,2,89.16,163.27236247250372,3.626540000000002
LON-WEI-4d77710c-55,111.46940000000004,5,5,2,81.59,167.79840399840242,3.707900000000002
LON-WEI-4d77710c-58,121.85940000000002,5,6,2,85.25,176.86742359112134,4.919800000000004
LON-WEI-4d77710c-61,122.7264,8,10,0,109.11,195.39557498886379,5.622200000000003
LON-WEI-4d77710c-62,41.630700000000004,0,5,4,108.05,66.65833580394896,-0.04870000000000024
LON-WEI-4d77710c-63,79.87450000000003,3,6,0,70.15,126.85299432651566,2.930740000000001
LON-WEI-4d77710c-64,112.56050000000002,6,4,1,46.17,179.05997910139274,6.940500000000002
LON-WEI-4d77710c-65,91.32540000000002,4,8,0,94.95,145.84353578280903,4.550000000000003
LON-WEI-4d77710c-66,85.99100000000001,3,9,0,86.97,139.2436910502295,2.555040000000001
LON-WEI-4d77710c-67,77.63540000000002,4,8,0,94.95,130.68703355210434,3.9059
LON-WEI-4d77710c-69,103.41880000000005,5,6,2,97.16,169.66942543567987,5.865300000000002
LON-WEI-4d77710c-70,62.96450000000002,2,5,0,58.68,102.10907525289963,2.38218
LON-WEI-4d77710c-71,78.15440000000002,4,8,0,94.7,126.84063247368759,3.054500000000001
LON-WEI-4d77710c-73,101.211,4,8,0,93.17,159.6569931769322,3.3043200000000015
LON-WEI-4d77710c-74,106.34820000000002,6,6,1,92.78,165.59464259606318,3.4605000000000015
LON-WEI-4d77710c-75,95.12870000000004,4,4,1,66.48,143.58969103771938,3.592220000000002
LON-WEI-4d77710c-76,97.95200000000001,4,9,0,82.0,155.31379573429697,4.054000000000002
MAT-POS-02ae579f-1,142.9561999999998,8,3,1,62.550000000000004,216.47976948816046,6.463200000000006
MAT-POS-02ae579f-2,73.82210000000002,2,3,3,82.7,115.58124710043785,1.5105
LOR-NOR-f9b26152-1,45.912200000000006,1,3,1,55.4,78.67238532528626,0.9690999999999999
MAT-POS-2492181e-5,94.23340000000006,4,4,2,63.13,137.1226816201396,2.9642000000000017
MAT-POS-b5746674-34,115.10340000000004,9,5,2,79.51,169.8611918559913,3.5553000000000026
MAT-POS-b5746674-37,106.29970000000006,5,5,1,76.71000000000001,162.05410163396434,3.3446000000000025
MAT-POS-b5746674-38,113.03070000000002,8,5,1,76.71000000000001,169.42487490189012,3.9807000000000023
MAT-POS-b5746674-42,107.04770000000002,4,3,1,54.34,152.4221740651166,4.159300000000003
MAT-POS-b5746674-78,99.11890000000004,6,4,2,71.19,149.36650742635447,3.4985000000000017
MAT-POS-b5746674-97,102.96040000000004,3,5,2,92.66999999999999,156.64394667626848,2.2809
MAT-POS-b5746674-98,116.25040000000004,5,4,2,66.37,169.69608932398867,3.1084000000000014
MAT-POS-b5746674-100,110.49840000000005,7,4,2,83.44,164.26028567555483,2.791500000000002
MAT-POS-b5746674-101,117.43770000000005,4,3,1,54.34,170.51116925477723,4.678900000000004
MAT-POS-b5746674-107,126.50770000000006,5,3,1,54.34,183.24105348357045,5.144100000000004
MAT-POS-b5746674-108,134.63039999999995,7,4,2,66.37,195.15585778157504,4.609520000000004
MAT-POS-ea426761-10,98.3429,6,5,2,79.89999999999999,153.50863359153246,4.011300000000002
MAT-POS-ea426761-13,70.00370000000004,2,4,1,55.13,102.90601094590356,2.9316000000000013
MAT-POS-ea426761-45,98.71670000000003,4,5,1,52.230000000000004,148.0885910161145,3.091000000000001
MAT-POS-af71705c-2,121.04040000000005,4,5,2,78.73,174.56154783008375,4.002800000000002
JOH-UNI-591f77bd-1,90.89180000000005,4,5,2,66.84,144.83437982002675,2.5691999999999995
EDJ-MED-0e996074-1,76.21770000000004,3,5,1,69.04,121.68324077034488,2.1178
MAT-POS-3d050446-1,98.87240000000004,6,4,2,77.81,148.64645048480557,3.605680000000002
LOR-NOR-30067bb9-1,60.849200000000025,1,3,1,49.410000000000004,93.2421335527171,1.4216
LOR-NOR-30067bb9-2,79.70070000000003,3,4,1,72.47,126.45535045726105,2.48682
LOR-NOR-30067bb9-3,84.68950000000004,5,3,0,46.61,132.80706607069428,3.338400000000002
LOR-NOR-30067bb9-5,84.80950000000003,4,3,0,46.61,132.80706607069428,3.2567200000000014
LOR-NOR-30067bb9-6,87.27350000000001,4,3,0,46.61,136.37134744945396,3.577300000000002
LOR-NOR-30067bb9-7,93.94550000000002,4,4,0,55.84,147.84983479335742,3.5042200000000028
LOR-NOR-30067bb9-12,78.72120000000002,2,3,1,66.48,125.00691864072466,1.8930999999999998
MAT-POS-c9973a83-1,79.31170000000003,4,3,1,51.22,122.2961095041343,3.233220000000001
COM-UCB-8c7d23dc-15,84.96390000000001,3,5,2,87.97,130.57663625714434,2.3716999999999997
COM-UCB-8c7d23dc-18,92.77090000000003,2,6,2,105.81,141.05690634483943,2.27194
JAG-UCB-119787ef-1,81.22770000000004,3,5,1,69.04,131.98650699722654,2.771200000000001
BRU-THA-a358fbdd-2,80.82870000000004,3,5,1,69.04,128.0481828847415,2.2919
BRU-THA-a358fbdd-7,76.17570000000003,3,5,1,69.04,125.8487761732711,2.2569
LON-WEI-0a73fcb8-2,88.50400000000005,3,4,0,51.66,139.34367929550052,3.272700000000002
LON-WEI-0a73fcb8-3,85.87970000000003,2,5,1,68.52000000000001,140.76207569809492,3.026600000000001
LON-WEI-0a73fcb8-4,89.18170000000005,4,5,1,69.03999999999999,144.71639122601977,2.757320000000001
LON-WEI-0a73fcb8-5,86.96200000000003,2,3,0,42.43000000000001,138.16845817847866,3.917500000000003
LON-WEI-0a73fcb8-6,89.13770000000004,3,4,1,51.22,138.0254679642064,4.424700000000003
LON-WEI-0a73fcb8-7,83.09450000000002,3,4,2,71.45,132.44945421719768,2.732100000000001
LON-WEI-1908424e-1,67.17010000000002,5,5,1,90.06,108.5864635634586,1.1077
LON-WEI-1908424e-3,98.53640000000003,3,9,1,102.52,164.22316067706998,1.2077999999999998
LON-WEI-1908424e-4,112.44480000000003,4,7,2,107.85000000000001,169.25294136824135,2.9106700000000005
LON-WEI-1908424e-6,107.86080000000003,9,7,1,100.0,173.58447695016497,2.9160000000000013
LON-WEI-1908424e-11,109.46120000000002,4,5,1,79.6,168.28490614187768,3.2268000000000017
LON-WEI-1908424e-15,76.2031,2,6,2,102.48,114.03257839734287,1.0921199999999998
NAU-LAT-8502cac5-2,76.61070000000004,3,5,1,69.04,125.62156488282993,2.3811
NAU-LAT-8502cac5-6,89.67670000000003,3,5,1,69.04,142.58966389923336,3.035400000000002
NAU-LAT-8502cac5-8,82.77550000000004,3,6,1,93.94999999999999,133.19509392262458,1.5127
ADA-UCB-6c2cb422-1,85.52870000000003,3,2,1,41.99,127.1343445775694,4.069400000000002
ADA-UCB-6c2cb422-3,83.16040000000004,3,3,2,54.02,124.15321330661779,2.21692
IAN-BAS-5394d4c4-1,124.9486,6,4,3,91.80999999999999,183.63939792955588,4.265400000000002
JAG-UCB-c37fbdcd-1,105.72470000000001,4,3,1,65.64,160.46821225357934,3.6323000000000025
JAN-GHE-c863d918-1,80.41840000000003,4,3,2,71.92,122.41012843702974,1.5259799999999992
VLA-UCB-00f2c2b3-2,77.40140000000001,3,3,2,70.67,115.59328243544986,2.44752
LON-WEI-ff7b210a-2,91.91060000000002,4,6,0,94.31,153.64410928442607,3.3704000000000027
LON-WEI-ff7b210a-3,84.39720000000003,3,3,1,55.4,127.96916743942964,2.895900000000001
LON-WEI-ff7b210a-4,103.79500000000002,5,5,1,89.02,161.71976272902793,3.3766000000000016
LON-WEI-ff7b210a-5,56.10830000000002,3,6,0,86.22,97.5341994771953,0.7101999999999999
LON-WEI-ff7b210a-11,78.01050000000002,3,4,0,29.43,118.15987962834849,4.012100000000002
ALP-POS-d2866bdf-1,113.80600000000001,6,6,0,54.260000000000005,167.16885435251731,3.792200000000003
ROD-LAS-d5538ff9-3,60.89940000000003,3,3,2,70.14,94.35076007284833,1.4400999999999997
ROD-LAS-d5538ff9-4,128.8024,6,5,2,70.79,184.7865957560638,4.716700000000003
ROD-LAS-d5538ff9-9,85.27580000000002,3,5,2,110.05,129.88862212334547,3.1820000000000004
LON-WEI-babf2c61-1,137.9266999999999,8,3,1,62.300000000000004,210.1915414224568,5.790800000000005
LON-WEI-babf2c61-2,137.6536999999999,8,3,1,62.300000000000004,206.25321730997175,5.445820000000005
LON-WEI-babf2c61-3,137.6316999999999,8,4,1,86.09,210.64579699144048,5.009080000000004
LON-WEI-babf2c61-4,134.58149999999998,8,4,2,82.53,204.68250894777114,4.843000000000004
LON-WEI-babf2c61-5,124.22870000000002,8,3,1,62.300000000000004,203.5933212880457,5.512100000000004
LON-WEI-babf2c61-6,123.95570000000002,8,3,1,62.300000000000004,199.65499717556065,5.167120000000004
LON-WEI-babf2c61-7,123.93370000000002,8,4,1,86.09,204.04757685702936,4.730380000000004
LON-WEI-babf2c61-8,120.88350000000001,8,4,2,82.53,198.08428881336002,4.564300000000004
LON-WEI-babf2c61-9,119.21870000000001,8,3,1,62.300000000000004,193.290055061164,4.858700000000004
LON-WEI-babf2c61-10,122.97770000000003,8,5,1,88.33,191.85360874636777,4.1254000000000035
LON-WEI-babf2c61-11,127.98770000000003,8,5,1,88.33,202.15687497324944,4.778800000000004
LON-WEI-babf2c61-13,127.71470000000004,8,5,1,88.33,198.2185508607644,4.433820000000003
JAG-UCB-4709a583-1,86.61470000000003,3,6,1,75.42,136.4624767168117,1.9950999999999997
DAR-DIA-8e329c92-9,104.55390000000001,4,2,2,61.96,150.0392070968633,3.653800000000002
JAG-UCB-ef2c0e8e-2,63.93640000000002,2,2,2,58.2,101.54059871089575,1.6662000000000001
JAG-UCB-ef2c0e8e-7,68.9261,3,5,3,104.69999999999999,120.91416997808362,0.8438999999999994
JAG-UCB-ef2c0e8e-8,77.29420000000003,4,3,1,80.47,119.36713124081557,1.0221200000000001
ERI-BAS-37e2bb46-1,106.9945,4,6,2,93.18,166.53790633404267,3.2757000000000014
ERI-BAS-bd3ef700-1,113.50710000000005,6,4,3,103.01000000000002,174.25880948208766,3.2242200000000016
ALP-POS-c59291d4-1,124.91499999999999,6,5,0,51.02,183.73623065958475,5.393200000000005
ALP-POS-c59291d4-2,118.39970000000002,7,6,1,80.12,177.48534708036237,4.074700000000003
ALP-POS-c59291d4-3,120.8327,7,6,1,80.12,182.84445804122973,4.074700000000003
ALP-POS-c59291d4-4,109.0257,6,6,1,63.050000000000004,160.59394075152542,3.7679000000000027
ALP-POS-c59291d4-6,125.53320000000004,5,4,1,75.44,189.20667208891,5.274900000000005
ALP-POS-c0c213c9-9,132.29649999999992,8,7,0,78.07000000000001,202.58856429596176,4.426800000000004
ALP-POS-c0c213c9-14,112.01200000000001,6,5,0,63.910000000000004,169.03033938437645,3.6530000000000022
MAT-POS-c79fcd02-1,115.43670000000002,8,7,1,87.5,178.89932161382777,3.5572000000000017
ALP-POS-91609ae9-1,80.99270000000003,4,2,1,52.230000000000004,128.08558292770442,2.8093200000000014
ALP-POS-91609ae9-2,88.93140000000004,4,4,1,62.46,137.85667647411432,3.124920000000002
ALP-POS-91609ae9-3,88.49270000000003,3,3,1,65.12,137.22546477999762,3.0535000000000005
EDJ-MED-6af13d92-1,100.12790000000003,6,4,2,80.41999999999999,150.31451725293513,2.653920000000001
EDJ-MED-6af13d92-2,95.34890000000003,6,4,2,80.41999999999999,148.11511054146473,2.4846000000000004
EDJ-MED-6af13d92-3,101.94290000000002,7,5,2,89.64999999999999,155.42806248244202,2.3541
BEN-BAS-baaab58b-1,93.65200000000002,6,4,5,135.53,147.16083297581227,0.20060000000000017
MAT-POS-ee51dedd-1,73.73400000000002,3,3,0,47.34,117.7221442299415,1.4412800000000001
MAT-POS-ee51dedd-2,70.37780000000004,3,4,0,57.690000000000005,115.00081948250615,0.8197999999999999
MAT-POS-ee51dedd-3,96.57270000000001,4,2,1,32.34,149.91560466895618,4.609200000000003
LOR-NEU-c8f11034-5,76.10450000000003,2,2,0,37.38,118.52791799115387,3.178600000000001
BEN-BAS-0534ec5c-1,122.72160000000001,5,5,3,104.7,182.8274994789071,3.658800000000001
EDJ-MED-c9f55a56-1,64.63240000000002,3,3,2,70.67,99.27656001811128,1.6027399999999996
ALP-POS-90c18d1d-1,98.21750000000006,5,4,2,65.46000000000001,148.25224488859897,2.916620000000001
NAU-LAT-445f63e5-5,88.37250000000006,5,4,1,62.300000000000004,130.5974964711878,2.6237000000000013
NAU-LAT-445f63e5-7,87.48850000000004,5,4,1,68.29,136.31615014488796,2.1517999999999997
BAR-COM-0f94fc3d-3,99.28940000000003,6,3,2,67.42999999999999,158.6066577781861,3.517900000000002
BAR-COM-0f94fc3d-18,79.49970000000002,3,3,1,46.92,120.78068777562021,3.1225200000000006
BAR-COM-0f94fc3d-25,84.97470000000004,3,3,1,59.06,133.0681394499352,3.282820000000001
BAR-COM-0f94fc3d-28,83.74970000000003,3,4,1,60.45,132.76876569450855,2.995820000000001
BAR-COM-0f94fc3d-38,83.24350000000004,4,3,2,62.22,128.34174014122004,3.279720000000002
BAR-COM-0f94fc3d-41,84.55170000000003,3,3,1,46.92,126.91841859957563,3.636820000000002
BAR-COM-0f94fc3d-43,98.66170000000004,4,5,1,69.03999999999999,151.3812240155415,3.334500000000002
BAR-COM-0f94fc3d-45,83.55970000000002,4,4,1,75.00999999999999,133.28084259044078,3.0172800000000013
BAR-COM-0f94fc3d-48,86.90370000000001,3,4,1,71.53,137.57657623524884,2.40752
BAR-COM-0f94fc3d-49,91.43570000000004,4,3,1,41.99,135.0914032627716,3.863500000000003
BAR-COM-0f94fc3d-55,100.39200000000002,5,3,2,79.29,155.18492677299898,4.142420000000002
BAR-COM-0f94fc3d-58,85.22610000000002,4,4,2,77.24,131.2002815799067,2.799620000000001
ERI-UCB-5b47150d-2,58.85500000000004,3,3,0,42.43,89.87560478657713,1.38772
ERI-UCB-5b47150d-5,59.95600000000003,3,2,0,33.2,94.28670592086387,1.95842
ERI-UCB-5b47150d-6,55.17570000000002,3,2,1,41.99,87.71179231987193,1.9341199999999998
MAT-POS-590ac91e-1,54.07470000000003,3,3,1,51.22,83.30069118558522,1.36342
MAT-POS-590ac91e-2,54.07470000000003,3,3,1,51.22,83.30069118558522,1.36342
MAT-POS-590ac91e-4,59.01070000000003,2,3,1,51.22,94.01891310731996,1.5075199999999997
MAT-POS-590ac91e-5,64.10870000000003,4,2,1,41.99,96.27614114573892,2.7647200000000014
MAT-POS-590ac91e-7,60.95150000000003,4,3,2,62.22,94.70543278353831,1.4895199999999997
MAT-POS-590ac91e-9,61.19470000000003,4,3,1,51.22,95.0247442608492,1.89762
MAT-POS-590ac91e-10,61.19470000000003,5,3,1,51.22,95.02474426084918,1.8976199999999999
MAT-POS-590ac91e-11,66.22270000000003,4,2,1,41.99,97.28197229926812,3.010720000000002
MAT-POS-590ac91e-12,55.87540000000002,2,4,2,80.32000000000001,92.00624431570778,0.43691999999999986
MAT-POS-590ac91e-18,66.54170000000003,3,2,1,41.99,101.63525210660629,2.7647200000000014
MAT-POS-590ac91e-20,66.66170000000002,2,2,1,41.99,101.63525210660629,2.683040000000001
MAT-POS-590ac91e-21,66.61170000000003,2,2,1,41.99,101.6352521066063,2.9088200000000013
MAT-POS-590ac91e-22,66.61170000000003,2,2,1,41.99,101.6352521066063,2.9088200000000013
MAT-POS-590ac91e-23,66.54170000000003,3,2,1,41.99,101.63525210660629,2.7647200000000014
MAT-POS-590ac91e-24,66.61170000000003,3,2,1,41.99,101.6352521066063,2.9088200000000013
MAT-POS-590ac91e-25,66.61170000000003,3,2,1,41.99,101.6352521066063,2.9088200000000013
MAT-POS-590ac91e-29,63.62770000000003,2,3,1,51.22,100.38385522171657,1.8976199999999999
MAT-POS-590ac91e-30,93.21290000000003,3,4,2,80.41999999999999,147.10927938793546,2.237
MAT-POS-590ac91e-32,95.34890000000001,6,4,2,80.41999999999999,148.1151105414647,2.4846000000000004
MAT-POS-590ac91e-33,97.84020000000002,3,4,1,71.63,153.6841929889274,2.5792
MAT-POS-590ac91e-34,97.84020000000002,3,4,1,71.63,153.68419298892738,2.5792
MAT-POS-590ac91e-35,97.97390000000003,3,4,2,80.41999999999999,153.47422150233209,2.409300000000001
MAT-POS-590ac91e-37,99.97620000000003,6,4,1,71.63,154.69002414245662,2.8268000000000004
MAT-POS-590ac91e-38,99.94390000000003,6,4,2,80.41999999999999,154.4800526558613,2.873100000000001
MAT-POS-590ac91e-39,99.94390000000003,6,4,2,80.41999999999999,154.4800526558613,2.873100000000001
MAT-POS-590ac91e-40,99.94390000000003,6,4,2,80.41999999999999,154.48005265586127,2.873100000000001
MAT-POS-590ac91e-41,99.94390000000003,6,4,2,80.41999999999999,154.4800526558613,2.873100000000001
MAT-POS-590ac91e-42,100.40090000000001,6,4,2,80.41999999999999,154.25284136542018,2.998900000000001
MAT-POS-590ac91e-43,105.02820000000003,6,4,1,71.63,160.82775496641207,3.3411000000000017
MAT-POS-590ac91e-45,111.85320000000002,5,4,1,71.63,168.61348392919098,3.5287200000000016
MAT-POS-590ac91e-46,107.20790000000002,5,4,2,80.42,166.2041057311253,3.1895000000000007
MAT-POS-590ac91e-47,107.20790000000002,5,4,2,80.42,166.2041057311253,3.1895000000000007
MAT-POS-590ac91e-48,107.07420000000003,5,4,1,71.63,166.4140772177206,3.3594000000000017
MAT-POS-590ac91e-49,107.07420000000003,5,4,1,71.63,166.4140772177206,3.3594000000000017
MAT-POS-590ac91e-50,107.07420000000003,5,4,1,71.63,166.4140772177206,3.3594000000000017
MAT-POS-590ac91e-51,107.50920000000002,4,4,1,71.63,166.18686592727946,3.483600000000002
MAT-POS-590ac91e-53,112.25990000000002,5,4,2,80.42,172.34183655508076,3.703800000000002
MAT-POS-590ac91e-54,112.12620000000003,4,4,1,71.63,172.55180804167605,3.873700000000003
MAT-POS-590ac91e-56,105.631,3,4,1,90.55000000000001,165.9777120925321,1.8139000000000003
MAT-POS-590ac91e-57,105.631,3,4,1,90.55000000000001,165.9777120925321,1.8139000000000003
MAT-POS-590ac91e-58,110.683,3,4,1,90.55000000000001,172.1154429164875,2.3282000000000007
MAT-POS-590ac91e-59,110.346,3,5,1,114.33999999999997,176.73523388839743,1.68558
MAT-POS-590ac91e-60,110.346,3,5,1,114.33999999999997,176.7352338883974,1.6855800000000003
MAT-POS-590ac91e-61,110.34600000000002,3,5,1,114.33999999999997,176.73523388839743,1.6855799999999999
MAT-POS-590ac91e-62,110.34600000000002,3,5,1,114.33999999999997,176.73523388839743,1.6855799999999999
MAT-POS-590ac91e-63,115.10500000000002,3,4,1,90.55000000000001,178.70759632132533,2.43074
MAT-POS-590ac91e-64,115.10500000000003,3,4,1,90.55000000000001,178.70759632132535,2.43074
MAT-POS-590ac91e-67,110.64099999999999,3,4,1,90.55000000000001,176.28097831941378,2.4673000000000007
MAT-POS-590ac91e-68,110.64099999999999,3,4,1,90.55000000000001,176.28097831941378,2.4673000000000007
MAT-POS-590ac91e-69,110.64099999999999,3,4,1,90.55000000000001,176.28097831941378,2.4673000000000007
MAT-POS-590ac91e-70,110.64100000000002,3,4,1,90.55000000000001,176.28097831941375,2.4673000000000007
JAG-UCB-a3ef7265-3,78.47750000000002,3,4,2,71.45,126.08451210280107,2.3420000000000005
JAG-UCB-a3ef7265-8,83.29270000000004,4,4,1,56.15,132.3519033214269,3.2251200000000013
JAG-UCB-a3ef7265-11,71.94570000000003,3,7,1,85.59,114.59792421701039,1.1452999999999998
JAG-UCB-a3ef7265-12,71.50970000000002,3,3,1,46.92,106.66337206975196,2.4470600000000005
JAG-UCB-a3ef7265-15,69.52570000000003,3,4,1,59.81,109.78979773158828,1.9581199999999999
JAG-UCB-a3ef7265-16,80.97500000000004,3,3,0,38.13,119.57168135354523,2.55086
JAG-UCB-a3ef7265-20,81.22770000000004,3,5,1,69.04,131.98650699722654,2.771200000000001
JAG-UCB-a3ef7265-22,76.51970000000003,3,3,1,46.92,116.96663829663363,3.1004600000000018
JAG-UCB-a3ef7265-23,75.18770000000002,4,3,1,54.88,124.96049435186757,3.2390000000000017
JAG-UCB-cedd89ab-4,77.90200000000003,4,5,0,72.12,128.08729933100483,2.2482000000000006
RAL-MED-2de63afb-1,80.18840000000003,5,4,2,80.32,127.06333852177184,1.4875999999999998
RAL-MED-2de63afb-2,82.72040000000003,5,5,2,93.21000000000001,132.6479286171149,1.1910199999999997
RAL-MED-2de63afb-3,81.17540000000002,4,4,2,83.98,127.53438338760805,1.2612999999999999
RAL-MED-2de63afb-5,76.81990000000003,5,5,2,93.21000000000001,126.28298650271832,0.6314000000000001
RAL-MED-2de63afb-9,62.44440000000003,4,3,2,67.42999999999999,98.46193541697365,1.0358999999999998
RAL-MED-2de63afb-10,67.06140000000003,4,3,2,67.42999999999999,104.82687753137026,1.426
RAL-MED-2de63afb-12,78.32840000000003,5,4,2,83.98,122.17527242674066,1.2939
RAL-MED-2de63afb-14,77.94140000000002,5,5,2,93.21000000000001,130.44852190564455,1.0217
EDJ-MED-49816e9b-1,72.75970000000002,3,2,1,41.99,110.81762216023081,3.2246200000000016
EDJ-MED-49816e9b-2,77.49670000000003,3,2,1,41.99,117.18256427462742,3.5330400000000015
EDJ-MED-49816e9b-3,71.73070000000003,3,3,1,46.92,110.57014975064178,2.5631200000000005
BEN-DND-7e92b6ca-1,77.88490000000002,6,4,2,80.42,121.26791060680328,1.1923000000000001
BEN-DND-7e92b6ca-2,100.01820000000002,6,4,1,71.63,150.5244887395304,2.6877000000000004
BEN-DND-7e92b6ca-3,96.61390000000002,5,3,2,65.2,139.4823183497281,2.3943000000000003
BEN-DND-7e92b6ca-4,91.83360000000002,5,3,3,73.99000000000001,132.90740474873618,2.37
BEN-DND-7e92b6ca-5,88.83890000000002,5,3,2,71.19,132.47108779463503,2.3369
BEN-DND-7e92b6ca-7,105.67300000000002,3,4,1,90.55000000000001,161.81217668960585,1.6748000000000003
BEN-DND-7e92b6ca-8,107.11500000000004,3,4,1,90.55000000000001,164.59028061545715,1.75528
BEN-DND-7e92b6ca-10,102.19120000000002,3,3,1,56.410000000000004,151.41634291158744,2.4861000000000004
BEN-DND-7e92b6ca-11,105.67920000000004,3,4,1,65.64,156.52988814109432,2.4991000000000003
BEN-DND-7e92b6ca-12,105.67920000000002,3,4,1,65.64,156.5298881410943,2.4991000000000003
BEN-DND-7e92b6ca-13,105.67920000000002,3,4,1,65.64,156.5298881410943,2.4991000000000003
BEN-DND-7e92b6ca-14,99.08520000000003,2,3,1,56.410000000000004,149.21693620011703,2.629600000000001
BEN-DND-7e92b6ca-16,99.08520000000004,2,3,1,56.410000000000004,149.21693620011706,2.629600000000001
BEN-DND-93268d01-5,72.32470000000002,4,2,1,41.99,111.04483345067199,3.1004200000000015
BEN-DND-93268d01-7,72.32470000000002,4,2,1,41.99,111.04483345067199,3.1004200000000015
BEN-DND-93268d01-13,81.68870000000004,4,2,1,41.99,119.60918227653897,3.6964200000000025
BEN-DND-93268d01-15,69.38850000000004,3,3,2,62.22,105.30858968554517,2.5294000000000008
MAK-UNK-d4768348-1,75.79280000000001,3,3,1,57.690000000000005,115.39451988707195,-0.13560000000000016
EDJ-MED-e58735b6-2,73.67250000000003,4,3,2,62.22,111.67353179994177,2.0635199999999996
EDJ-MED-e58735b6-3,79.12290000000003,4,4,2,102.15,122.61502252277694,1.21862
NAU-LAT-64f4b287-3,80.18800000000003,4,6,0,62.470000000000006,130.84706144229085,1.6811
NAU-LAT-64f4b287-4,87.15100000000004,3,2,0,29.54,135.01048608504712,3.5600000000000023
NAU-LAT-64f4b287-5,73.19200000000002,2,4,0,59.230000000000004,121.09901964991482,2.24282
NAU-LAT-64f4b287-9,66.22970000000004,4,2,1,41.99,100.51435593334917,1.9405
BRU-LEF-c49414a7-1,84.92540000000004,5,4,2,80.32,133.42828063616844,1.7960199999999997
MAT-POS-2db6411e-2,75.69380000000002,3,3,1,43.78,122.06212241315386,1.9286
EDG-MED-0da5ad92-2,68.02270000000003,3,2,1,41.99,104.45268004583419,2.916200000000001
EDG-MED-0da5ad92-3,77.84770000000003,2,2,1,45.230000000000004,116.57745583043418,3.7117200000000024
EDG-MED-0da5ad92-9,67.81440000000003,3,3,2,54.02,101.82600332934696,1.7182199999999999
EDG-MED-0da5ad92-12,72.75970000000002,3,2,1,41.99,110.81762216023083,3.2246200000000016
EDG-MED-0da5ad92-13,72.75970000000002,3,2,1,41.99,110.81762216023081,3.2246200000000016
EDG-MED-0da5ad92-18,77.17210000000001,3,3,2,68.00999999999999,116.15751285724353,2.806820000000001
EDG-MED-0da5ad92-21,67.11040000000003,3,2,2,57.78,103.99523614964984,2.5527200000000008
BEN-DND-61647d40-18,69.68750000000001,3,3,2,62.22,109.24691379803022,2.621800000000001
JAN-GHE-5a013bed-1,69.01970000000003,3,4,1,59.81,109.72838732022798,1.8611399999999996
JAN-GHE-5a013bed-2,79.25670000000004,3,3,1,46.92,120.52361250541401,3.0025000000000013
JAN-GHE-5a013bed-3,85.52670000000005,3,4,1,63.99,130.69562216538998,2.3627000000000002
JAN-GHE-5a013bed-4,62.37140000000001,3,4,2,79.78,101.1915716230738,0.5375999999999997
JAN-GHE-5a013bed-6,63.69470000000002,3,4,1,54.88,101.42223485454232,2.3727
JAN-GHE-5a013bed-8,65.81770000000002,3,3,1,54.88,103.67232802678068,2.3111999999999995
JAN-GHE-5a013bed-11,57.96340000000001,3,4,2,83.56,96.00649713395569,1.0342999999999998
TRY-UNI-2eddb1ff-1,70.25970000000002,3,4,1,78.67,110.49152571016096,1.8378999999999996
TRY-UNI-2eddb1ff-2,70.55470000000003,3,3,1,54.88,110.03727014117729,2.6196200000000003
TRY-UNI-2eddb1ff-7,89.93540000000003,5,4,2,80.32,143.73154686305006,2.44942
ALP-POS-95b75b4d-1,67.70770000000002,3,2,1,41.99,104.67989133627538,2.710320000000001
ALP-POS-95b75b4d-2,69.41450000000002,3,3,2,62.22,105.30858968554516,2.27682
ALP-POS-95b75b4d-4,79.72470000000004,4,2,1,41.99,118.60335112300974,3.448620000000002
JAN-GHE-83b26c96-1,79.88270000000003,4,3,1,54.88,122.73560793837525,3.5707200000000023
JAN-GHE-83b26c96-2,87.03740000000002,4,3,2,71.09,133.25889067267585,3.435600000000001
JAN-GHE-83b26c96-3,89.85570000000001,4,4,1,59.81,138.48194982325572,3.6629000000000023
JAN-GHE-83b26c96-6,84.61770000000004,4,3,1,54.88,129.13209648436717,3.995600000000003
JAN-GHE-83b26c96-7,84.42970000000005,4,3,1,54.88,129.13209648436717,3.8167200000000028
JAN-GHE-83b26c96-8,86.70470000000005,5,2,1,41.99,129.91244850342062,4.565820000000003
JAN-GHE-83b26c96-9,86.63470000000004,4,2,1,41.99,129.91244850342062,4.421720000000003
JAN-GHE-83b26c96-10,85.48370000000004,4,3,1,45.230000000000004,129.3073400592274,3.2848200000000016
JAN-GHE-83b26c96-11,72.48670000000004,3,2,1,41.99,106.87929804774573,2.879640000000001
JAN-GHE-83b26c96-12,75.44970000000002,3,2,1,41.99,114.3819035389905,3.3337200000000013
JAN-GHE-83b26c96-13,80.46670000000002,3,2,1,41.99,119.77619405439278,3.1758200000000008
JAN-GHE-83b26c96-14,72.75170000000001,3,2,1,41.99,119.37590425652445,3.5900200000000018
JAN-GHE-83b26c96-15,77.54000000000003,3,2,0,33.2,117.39253576122275,3.248920000000002
JAN-GHE-83b26c96-16,82.03700000000005,5,2,0,33.2,123.75747787561934,3.7207000000000026
JAN-GHE-83b26c96-17,76.67250000000003,4,3,1,59.06,117.05193383820551,2.9853200000000006
JAN-GHE-83b26c96-18,74.44770000000004,2,3,1,62.300000000000004,119.73314677694873,2.5325000000000006
JAN-GHE-83b26c96-20,79.96770000000004,3,2,1,41.99,122.54167523549481,3.713720000000002
JAN-GHE-83b26c96-21,71.23450000000003,3,3,1,59.06,110.68699172380892,2.844220000000001
JAN-GHE-83b26c96-22,82.08170000000004,3,2,1,41.99,123.54750638902402,3.9597200000000026
JAN-GHE-83b26c96-23,72.94970000000002,3,2,1,41.99,119.14869296608329,3.773920000000002
JAN-GHE-83b26c96-24,72.71200000000002,2,4,0,51.81,114.6355266482244,3.7604200000000017
JAN-GHE-83b26c96-25,72.71200000000002,2,4,0,51.81,114.618429385589,3.7604200000000017
JAN-GHE-d851b096-6,58.77800000000003,2,3,0,34.89,88.02917110288632,1.6000199999999998
MAT-POS-4e253971-1,86.28800000000005,3,3,0,30.270000000000003,129.87734454723633,3.134380000000002
MAT-POS-4e253971-2,91.01200000000006,3,2,0,23.550000000000004,135.32162604802372,3.323400000000002
MAT-POS-4e253971-3,64.68560000000001,2,4,2,77.24,98.5624982057749,1.15532
AAR-POS-5507155c-1,64.63450000000003,2,4,1,49.410000000000004,96.1853767735488,0.49969999999999987
LON-WEI-d1c9908a-3,136.16369999999992,7,4,1,71.53,200.8362850221558,5.595120000000005
LON-WEI-d1c9908a-4,134.04969999999994,8,4,1,71.53,199.8304538686266,5.3491200000000045
LON-WEI-d1c9908a-5,129.3127,8,4,1,71.53,193.46551175422996,5.040700000000004
LON-WEI-d1c9908a-6,132.13869999999997,8,3,1,62.300000000000004,194.71690863911968,5.594500000000005
LON-WEI-d1c9908a-7,131.42669999999998,7,4,1,71.53,194.47134290775918,5.286700000000004
LON-WEI-d1c9908a-8,136.8756999999999,8,3,1,62.300000000000004,201.08185075351628,5.902920000000005
LON-WEI-d1c9908a-11,130.46069999999997,7,3,1,62.300000000000004,195.8545720159678,5.794600000000005
LON-WEI-d1c9908a-13,127.45570000000004,7,3,1,62.300000000000004,192.5175019276493,5.479620000000006
AAR-POS-8a4e0f60-1,108.29200000000003,6,5,0,63.910000000000004,162.98830539284899,3.5420000000000025
AAR-POS-8a4e0f60-4,104.15640000000002,9,6,2,98.14000000000001,162.42134757559162,1.4004
AAR-POS-8a4e0f60-6,115.4367,8,7,1,87.5,178.89932161382777,3.5572000000000017
AAR-POS-8a4e0f60-7,106.69300000000003,5,6,0,73.14,174.233514716738,4.300400000000002
AAR-POS-8a4e0f60-8,109.09500000000003,7,6,0,60.25,166.52256591182086,3.730400000000002
LON-WEI-adc59df6-1,126.47370000000005,7,5,1,88.60000000000001,194.39465022019272,3.707200000000003
LON-WEI-adc59df6-2,124.06270000000005,9,5,1,88.60000000000001,189.03553925932536,3.7088000000000028
LON-WEI-adc59df6-3,103.86970000000004,5,3,1,62.300000000000004,154.30070347218825,3.3854000000000015
LON-WEI-adc59df6-4,135.8646999999999,6,5,1,80.76,204.94399909813345,5.049300000000005
LON-WEI-adc59df6-6,131.09070000000003,7,5,1,88.60000000000001,200.75959233458934,4.097300000000003
LON-WEI-adc59df6-7,128.67970000000005,10,5,1,88.60000000000001,195.40048137372196,4.098900000000003
LON-WEI-adc59df6-8,124.81870000000006,6,3,1,62.300000000000004,185.11958289064208,5.088300000000005
LON-WEI-adc59df6-10,125.81170000000004,9,4,1,62.300000000000004,183.5186398407433,4.508700000000004
LON-WEI-adc59df6-14,115.58470000000005,6,3,1,62.300000000000004,172.38969866184885,4.308100000000003
LON-WEI-adc59df6-16,129.5697,6,3,1,62.300000000000004,193.52333308117852,5.725620000000006
LON-WEI-adc59df6-17,121.19470000000004,8,4,1,62.300000000000004,177.1536977263467,4.118600000000003
LON-WEI-adc59df6-18,131.42669999999998,7,4,1,71.53,194.47134290775918,5.286700000000004
LON-WEI-adc59df6-19,121.73870000000005,7,4,1,71.53,183.86818600575236,3.792100000000003
LON-WEI-adc59df6-21,113.08170000000004,6,3,1,62.300000000000004,167.03058770098144,4.164000000000003
LON-WEI-adc59df6-23,128.04970000000003,7,3,1,62.300000000000004,193.5233330811785,5.094900000000004
LON-WEI-adc59df6-26,114.68870000000004,8,4,1,71.53,172.14413293048838,3.402000000000002
LON-WEI-adc59df6-27,119.30570000000004,9,4,1,71.53,178.50907504488498,3.792100000000003
LON-WEI-adc59df6-28,125.88670000000002,7,4,1,75.19,188.5774456591988,4.350800000000003
LON-WEI-adc59df6-30,108.48670000000004,6,3,1,62.300000000000004,160.66564558658484,3.7755000000000027
LON-WEI-adc59df6-31,117.69870000000006,7,3,1,62.300000000000004,173.39552981537807,4.554100000000004
LON-WEI-adc59df6-32,121.78670000000005,7,4,1,71.53,183.86818600575236,3.9346000000000023
LON-WEI-adc59df6-37,129.2217,7,5,1,84.42,193.69099088870567,4.681700000000004
LON-WEI-adc59df6-39,121.78670000000005,6,4,1,71.53,183.86818600575236,3.9346000000000023
LON-WEI-adc59df6-40,128.0917,7,3,1,62.300000000000004,189.35779767825224,4.955800000000004
LON-WEI-adc59df6-41,124.83270000000003,6,3,1,62.300000000000004,187.1583909667819,5.417200000000005
LON-WEI-adc59df6-43,130.99769999999998,6,5,1,80.76,198.57905698373685,5.006800000000005
LON-WEI-adc59df6-44,110.96770000000004,6,3,1,62.300000000000004,166.02475654745223,3.918000000000003
LON-WEI-adc59df6-45,137.9786999999999,8,5,1,80.76,205.9498302516627,5.295300000000005
LON-WEI-adc59df6-47,132.91669999999996,8,3,1,62.300000000000004,199.88827519557512,5.137400000000004
LON-WEI-adc59df6-53,122.70870000000006,5,3,1,62.300000000000004,183.69879604225977,5.207500000000005
LON-WEI-adc59df6-55,130.13570000000004,5,3,1,62.300000000000004,193.62801953541612,5.6250200000000055
LON-WEI-adc59df6-56,122.43570000000007,5,3,1,62.300000000000004,179.7604719297747,4.862520000000004
LON-WEI-adc59df6-57,128.86770000000007,7,4,1,71.53,191.23895927367823,4.952800000000004
LON-WEI-adc59df6-59,128.98770000000007,6,4,1,71.53,191.23895927367826,4.871120000000004
LON-WEI-adc59df6-67,117.11770000000006,6,3,1,62.300000000000004,175.52225714216448,4.656900000000004
LON-WEI-adc59df6-68,110.85540000000003,5,3,2,78.09,163.82658631054116,3.7379000000000024
LON-WEI-adc59df6-73,121.09370000000001,6,3,1,62.300000000000004,179.9274837076285,4.423600000000003
LON-WEI-adc59df6-78,112.93270000000003,7,4,1,86.09,171.4231673824502,3.712780000000003
LON-WEI-adc59df6-83,117.17570000000005,6,4,1,71.53,177.50324389135577,3.760500000000002
LON-WEI-adc59df6-89,102.85570000000006,5,4,1,71.53,160.5351448749523,2.7636000000000003
LON-WEI-adc59df6-92,110.45670000000005,5,3,1,62.300000000000004,168.15148387423864,4.164900000000003
LON-WEI-adc59df6-93,95.87570000000005,5,5,1,88.6,152.97261389973207,1.7559999999999993
LON-WEI-adc59df6-94,115.07370000000006,5,3,1,62.300000000000004,174.51642598863526,4.555000000000003
LON-WEI-adc59df6-99,105.76970000000007,5,3,1,62.300000000000004,161.78654175984204,3.6307000000000027
LON-WEI-adc59df6-102,120.97070000000004,5,3,1,62.300000000000004,178.06503774406121,4.606100000000003
LON-WEI-adc59df6-103,106.93370000000002,5,3,1,62.300000000000004,159.6648709784441,3.2379000000000016
JOH-UNI-a5c0a47e-1,84.64200000000004,3,4,0,29.54,132.6508493554586,3.6739000000000024
JOH-UNI-c7afdb96-2,81.64350000000002,3,3,2,73.12,130.62566209808764,3.9104800000000015
JOH-UNI-c7afdb96-4,79.95720000000001,4,3,1,69.96000000000001,126.5170180751934,3.3011800000000022
JOH-UNI-c7afdb96-5,77.83420000000002,4,4,1,69.96000000000001,124.15738134560489,3.362680000000001
JOH-UNI-c7afdb96-7,71.25970000000002,4,3,1,69.96000000000001,111.97553706070151,2.442500000000001
JOH-UNI-c7afdb96-8,66.64270000000002,4,3,1,69.96000000000001,105.6105949463049,2.0524
JOH-UNI-c7afdb96-10,76.71370000000002,7,4,1,69.96,125.07060693105186,2.7553800000000006
JOH-UNI-c7afdb96-11,73.37370000000003,5,3,1,69.96000000000001,112.98136821423073,2.6885000000000012
JOH-UNI-c7afdb96-12,73.25370000000004,4,3,1,69.96,112.98136821423076,2.7701800000000008
AAR-POS-dddeddbf-1,84.02000000000002,2,5,2,93.28,125.36364193010414,3.10062
AAR-POS-dddeddbf-2,91.40359999999998,4,6,0,120.42000000000002,164.25287004368246,4.969820000000001
AAR-POS-dddeddbf-5,116.93340000000006,6,6,2,100.1,182.46683795369205,1.8916000000000002
LON-WEI-8f408cad-1,67.37870000000002,3,2,1,49.410000000000004,104.55123093312802,1.9907
LON-WEI-8f408cad-3,70.37780000000004,3,4,0,57.690000000000005,115.00081948250615,0.8197999999999999
LON-WEI-8f408cad-5,66.89600000000003,3,3,0,23.550000000000004,104.60498570448766,1.6311000000000002
LON-WEI-8f408cad-7,66.89600000000003,3,3,0,23.550000000000004,104.60498570448766,1.6311000000000002
LON-WEI-8f408cad-8,117.69870000000006,5,3,1,62.300000000000004,173.3955298153781,4.554100000000004
LON-WEI-8f408cad-9,118.06270000000004,6,4,1,65.54,172.79042137118483,3.631020000000003
LON-WEI-8f408cad-10,131.79069999999996,8,5,1,74.77000000000001,193.86623446356595,4.363620000000004
MAT-POS-bfefc3ea-3,117.47450000000008,12,5,3,150.0,187.26196379049466,1.4542000000000004
IND-SYN-6c8299e8-7,83.96580000000004,4,5,0,75.51,138.88705305116412,0.5552999999999999
MED-COV-4280ac29-5,119.25480000000003,5,3,0,57.690000000000005,181.46415706429045,3.5023000000000017
MED-COV-4280ac29-10,87.86970000000004,3,1,1,29.1,129.68696936894492,4.4097000000000035
MED-COV-4280ac29-12,81.23700000000004,3,2,0,23.550000000000004,128.99194173622183,2.7121000000000013
MED-COV-4280ac29-13,78.62400000000004,3,2,0,23.55,123.63283077535448,2.6115000000000013
MED-COV-4280ac29-14,74.13250000000004,2,2,0,40.620000000000005,116.80148361633229,1.8103999999999998
MED-COV-4280ac29-17,130.46470000000005,7,4,1,61.88,200.39540980054593,4.145900000000004
MED-COV-4280ac29-25,93.93900000000005,5,4,0,36.440000000000005,145.24667000589483,2.616900000000001
MED-COV-4280ac29-26,96.46750000000003,8,3,2,69.64,147.14540501464455,2.0509999999999997
MED-COV-4280ac29-30,97.44900000000003,5,4,0,51.129999999999995,151.35443193504574,3.620300000000003
MED-COV-4280ac29-31,86.52500000000005,3,2,0,23.550000000000004,129.64628696581138,2.722800000000001
MED-COV-4280ac29-33,84.74200000000005,5,3,0,32.78,135.11131811925796,2.3694000000000006
MED-COV-4280ac29-37,89.60900000000004,6,3,0,32.78,141.47626023365459,2.4119
LON-WEI-b8d98729-1,130.64169999999996,7,6,1,84.42,194.91819234766263,4.907320000000004
LON-WEI-b8d98729-2,132.07069999999996,8,4,1,62.300000000000004,193.11596558922093,5.573320000000005
LON-WEI-b8d98729-4,85.13890000000004,4,5,2,112.81,134.83834919467074,-0.5633999999999979
LON-WEI-b8d98729-6,110.77970000000003,6,4,1,62.300000000000004,164.4238134975535,3.978500000000002
LON-WEI-b8d98729-7,110.3957,6,3,1,62.300000000000004,176.236207058679,5.914000000000004
LON-WEI-b8d98729-8,132.88769999999997,9,5,1,80.76,199.58488813726612,5.0050200000000045
LON-WEI-b8d98729-9,127.05269999999999,6,5,1,75.19,190.94231049500382,5.352800000000004
LON-WEI-b8d98729-10,114.42270000000005,7,4,1,71.53,172.14413293048838,3.964000000000003
LON-WEI-b8d98729-11,130.24869999999996,7,4,1,65.54,192.69101334654408,5.0084200000000045
LON-WEI-b8d98729-12,124.12369999999999,8,4,1,71.53,197.3120201510601,6.646600000000005
LON-WEI-b8d98729-13,132.93869999999995,7,4,1,65.54,196.25529472530377,5.117520000000004
LON-WEI-b8d98729-14,132.93869999999995,7,4,1,65.54,196.25529472530377,5.117520000000004
LON-WEI-b8d98729-15,124.31370000000003,7,5,1,88.33,187.68807334344157,4.8285000000000045
LON-WEI-b8d98729-16,134.61669999999992,8,4,1,65.54,195.11763134845566,4.917420000000004
LON-WEI-b8d98729-17,130.9767,9,4,1,71.53,194.4713429077592,5.250400000000004
LON-WEI-b8d98729-18,132.17369999999997,8,4,1,75.19,194.94238777359539,5.369820000000004
LON-WEI-b8d98729-19,129.29870000000003,8,4,1,71.53,195.60900628460732,5.450500000000005
LON-WEI-b8d98729-20,131.13539999999998,7,4,2,90.98,194.484943877411,4.872020000000004
LON-WEI-b8d98729-21,122.0304,6,4,2,90.98,185.69338376110287,4.654600000000003
LON-WEI-b8d98729-22,126.60870000000003,8,4,1,71.53,192.04472490584763,5.341400000000005
LON-WEI-b8d98729-23,107.75970000000004,5,5,1,88.33,165.36086336617072,3.5421000000000022
LON-WEI-b8d98729-24,122.9657,7,4,1,62.300000000000004,184.32440547291276,5.3559000000000045
LON-WEI-b8d98729-25,125.90469999999999,7,6,1,84.42,188.55325023326597,4.598900000000003
LON-WEI-b8d98729-26,129.3477,8,5,1,84.42,193.6909908887057,4.8160200000000035
LON-WEI-b8d98729-27,117.7287,7,4,1,71.53,187.87312277334806,5.008000000000004
LON-WEI-b8d98729-28,128.86069999999998,8,4,1,71.53,203.67696226545672,6.955020000000005
LON-WEI-b8d98729-29,131.68669999999995,8,3,1,62.300000000000004,204.9283591503464,7.508820000000005
LON-WEI-b8d98729-30,136.5276999999999,8,5,1,74.77000000000001,200.23117657796257,4.672040000000004
LON-WEI-b8d98729-31,112.17670000000003,5,5,1,75.19,167.4774371408849,3.8663000000000025
LON-WEI-b8d98729-32,110.88270000000004,6,4,1,75.19,166.25023568192796,3.775000000000002
LON-WEI-b8d98729-33,134.50169999999994,8,3,1,62.300000000000004,199.66106390513394,6.321600000000006
LON-WEI-b8d98729-34,82.24020000000004,6,3,2,65.2,119.58235250485261,1.3211999999999997
LON-WEI-b8d98729-35,137.19169999999994,8,3,1,62.300000000000004,203.22534528389363,6.430700000000006
LON-WEI-b8d98729-36,134.18669999999997,8,3,1,62.300000000000004,199.88827519557515,6.115720000000007
LON-WEI-b8d98729-37,122.46570000000001,7,4,1,71.53,194.2380648877447,5.316420000000004
LON-WEI-b8d98729-38,128.73069999999998,7,5,1,75.19,189.8046471181557,5.152700000000004
LON-WEI-b8d98729-39,125.2917,7,3,1,62.300000000000004,195.4894617726344,5.870220000000005
LON-WEI-b8d98729-40,129.2447,8,5,1,71.53,191.86456870433122,5.019520000000004
LON-WEI-b8d98729-41,118.8767,6,3,1,62.300000000000004,190.26218303508594,5.761900000000003
LON-WEI-b8d98729-42,139.35369999999986,8,4,1,65.54,201.48257346285223,5.225840000000005
LON-WEI-b8d98729-43,126.22470000000003,7,6,1,97.56,192.80161857294846,4.583120000000004
LON-WEI-b8d98729-44,124.36269999999998,6,5,1,75.19,187.37802911624414,5.243700000000004
LON-WEI-b8d98729-45,135.71369999999993,9,4,1,71.53,200.83628502215578,5.558820000000005
LON-WEI-b8d98729-46,129.0507,7,5,1,88.33,194.05301545783817,5.136920000000004
LON-WEI-b8d98729-47,124.50770000000001,8,5,1,71.53,185.4996265899346,4.711100000000003
LON-WEI-b8d98729-48,133.46769999999992,7,5,1,75.19,196.16958923255228,5.461120000000005
MAT-POS-916a2c5a-1,95.32600000000002,5,5,0,51.129999999999995,148.99479520545722,3.6818000000000026
MAT-POS-916a2c5a-2,95.39090000000002,6,4,2,80.41999999999999,143.94957513853848,2.3455000000000004
MAT-POS-916a2c5a-3,124.62100000000002,3,4,1,90.55000000000001,187.27194514719233,2.9084800000000017
MAT-POS-916a2c5a-4,99.12720000000003,2,3,1,56.410000000000004,145.0514007971908,2.490500000000001
REN-UFA-aaaed2d6-3,97.83800000000005,4,2,0,23.550000000000004,143.7587316098675,3.278500000000002
JOO-IND-6372a4f3-4,86.00200000000005,3,2,0,23.550000000000004,125.01835982114207,2.670000000000001
JOO-IND-6372a4f3-6,86.55400000000004,3,2,0,23.550000000000004,133.81182236873764,3.0184000000000015
JOO-IND-b13e14cc-1,78.37200000000004,2,3,0,33.2,116.11853740229672,3.1883000000000017
JOO-IND-b13e14cc-2,78.92400000000005,2,3,0,33.2,124.91199994989225,3.5367000000000024
KUS-THE-322b9b63-5,97.20740000000005,5,8,2,113.85,157.24963707823994,0.5136200000000011
KUS-THE-322b9b63-14,113.69710000000003,6,6,2,106.14000000000001,180.55107221180032,2.0478
KUS-THE-322b9b63-16,104.33310000000003,6,6,2,106.14000000000001,171.98672338593335,1.4517999999999998
JUA-UNI-bc099708-5,116.39070000000001,8,4,3,91.32000000000001,174.84723360066315,3.6680000000000033
WAR-XCH-72a8c209-5,101.86580000000008,5,3,1,43.78,157.43434716030563,3.402000000000002
NEH-REV-107bcf72-5,72.34860000000003,3,4,2,64.01,116.55308993846822,0.9807999999999999
SER-UNI-985a0e14-4,105.8901,6,9,2,106.91,159.83813464915045,3.0948
TIM-UNK-6bd61028-2,78.24100000000003,2,3,0,42.43000000000001,121.50024983720039,2.7128000000000005
JAR-KUA-672ec752-1,92.60450000000006,3,6,0,42.010000000000005,142.93983292842708,2.1359999999999992
JAR-KUA-672ec752-3,97.88790000000006,4,5,2,95.73999999999998,146.99354951196557,0.6731000000000014
WAR-XCH-bdd24732-16,102.04400000000003,3,4,0,58.980000000000004,156.60249144451151,3.6366000000000023
WAR-XCH-79d12f6e-4,81.82250000000003,4,3,1,66.48,129.88036895429255,1.5031199999999998
WAR-XCH-b0339bbe-3,82.35370000000003,3,3,1,61.88,128.2647939073086,2.28622
WAR-XCH-b0339bbe-19,102.04400000000004,3,4,0,58.980000000000004,156.60249144451154,3.6366000000000023
RAI-NOV-2f6a9876-5,92.62890000000003,3,4,1,64.15,143.13239946353744,2.686400000000001
RAI-NOV-2f6a9876-7,100.42580000000004,3,6,1,62.14,154.09694650398725,3.152700000000001
JAR-IMP-ed466bb3-13,107.28270000000002,3,3,1,80.47,164.02155119535715,3.121900000000002
SIM-SYN-3099a863-1,104.19850000000004,5,5,1,95.75,165.08924838326413,2.2861399999999996
MAK-UNK-0d6072ac-4,76.86550000000003,2,1,2,53.089999999999996,114.35774102629294,4.162600000000002
MAK-UNK-0d6072ac-20,81.60250000000003,2,1,2,53.089999999999996,120.72268314068955,4.471020000000002
MAK-UNK-0d6072ac-21,81.60250000000003,2,1,2,53.089999999999996,120.72268314068954,4.471020000000002
STU-CHA-83dacf15-1,96.82020000000004,4,4,1,83.71000000000001,153.5192263275612,1.1694999999999998
STU-CHA-7b3b91d5-1,109.41870000000006,6,4,1,61.88000000000001,175.6415818213636,2.2657999999999996
STU-CHA-6cae54d3-1,108.65670000000006,5,4,1,65.12,175.03647337717035,1.7648000000000001
TOB-UNK-c2aba166-1,52.57300000000003,2,2,0,23.55,83.63663784866463,0.0025999999999999357
NAU-LAT-f723e322-4,77.50980000000004,3,3,0,57.690000000000005,119.09747118182196,1.0174999999999998
PAU-UNI-8cdd41c7-1,79.03900000000003,3,2,0,23.550000000000004,127.57115488783951,2.876400000000001
TAM-UNI-d1c3dd9f-5,97.97680000000005,4,4,0,60.93000000000001,153.93916930075187,0.8873000000000002
TAM-UNI-d1c3dd9f-12,103.64670000000005,5,4,1,65.12,164.73320715028868,1.1114000000000006
TAM-UNI-d1c3dd9f-18,88.03770000000003,4,4,1,76.44,140.16341274238653,1.3996799999999998
MAK-UNK-af83ef51-1,90.04500000000004,4,4,0,49.330000000000005,140.46101260203324,2.0266
MAK-UNK-af83ef51-2,83.09800000000006,5,2,0,23.55,126.05944877726601,2.3907000000000007
MAK-UNK-af83ef51-6,74.90700000000004,3,1,0,20.310000000000002,113.93467299266604,3.014920000000002
NIM-UNI-ed9fc491-4,130.48119999999997,9,5,3,101.97999999999999,204.42837164601949,1.6799000000000002
GIA-UNK-20b63697-6,94.63100000000007,4,2,0,23.550000000000004,144.1484439669266,3.6910000000000025
ANT-OPE-c0c3e7cc-1,73.11300000000004,3,2,0,23.550000000000004,108.70163740380349,1.9069
FRA-BIO-8bf1eac9-1,105.14750000000001,4,5,1,76.36,157.14357019354676,3.8139400000000023
FRA-BIO-8bf1eac9-4,127.36440000000006,11,5,2,70.66999999999999,190.88800324059815,3.763500000000003
FRA-BIO-8bf1eac9-5,76.15420000000003,6,5,3,95.07999999999998,122.99833137822522,1.2703
FRA-BIO-8bf1eac9-6,100.29940000000005,4,4,2,63.25,150.50507940969183,5.111620000000004
FRA-BIO-8bf1eac9-7,89.87780000000005,5,5,1,64.35,136.12660277096887,2.2891199999999996
FRA-BIO-8bf1eac9-8,139.4423999999999,7,4,2,64.68,209.62328687095527,3.7040000000000024
FRA-BIO-8bf1eac9-9,76.83220000000003,6,4,3,95.07999999999998,121.85093713640154,0.5673999999999992
FRA-BIO-8bf1eac9-12,106.28150000000004,6,7,1,101.22,163.20451432338766,3.0638000000000014
ANT-OPE-d972fbad-1,68.45400000000004,3,2,0,23.550000000000004,106.50223069233309,1.6558999999999997
AUS-ARG-7cfdce8f-15,113.61380000000003,3,7,0,79.29,169.88204613044343,2.0008999999999997
ANT-OPE-ab37bd51-1,74.62240000000004,4,2,2,48.13,106.29349568029704,2.2241999999999997
ANT-OPE-ab37bd51-2,77.83940000000004,5,2,2,48.13,112.65843779469365,1.9018999999999993
ANT-OPE-7824651a-1,99.44280000000003,4,4,0,66.92000000000002,153.59277153518047,2.215
NIM-UNI-02269248-3,90.26320000000005,4,7,1,114.41999999999999,145.61445200899843,-0.42119999999999846
VIJ-CYC-1a381570-3,90.71070000000002,7,3,2,75.27,152.9973718689239,2.535800000000001
VIJ-CYC-1a381570-10,86.27040000000005,5,3,2,67.43,131.2924771424859,3.0745000000000013
DAR-DIA-fb20be43-6,91.24000000000004,3,3,0,47.34,140.4038087616767,2.594480000000001
DAR-DIA-fb20be43-7,93.07700000000006,4,3,0,32.78,141.12477430971487,2.7314000000000007
MAK-UNK-10572812-16,128.16860000000003,6,4,3,97.12,195.69149432947188,2.4722999999999997
WAR-XCH-b6889685-20,79.24520000000004,5,4,1,72.63,120.31915437027865,1.5869
WAR-XCH-b6889685-25,97.85190000000003,4,4,2,75.43,143.0826813016506,2.723320000000001
WAR-XCH-b6889685-26,93.07290000000003,4,4,2,75.43,140.88327459018024,2.5540000000000003
WAR-XCH-b6889685-29,93.11490000000003,4,4,2,75.43,136.717739187254,2.4149000000000003
WAR-XCH-b6889685-30,97.85190000000004,4,4,2,75.43,143.08268130165064,2.723320000000001
WAR-XCH-b72a1bbc-4,65.78320000000002,2,3,1,73.05,100.17375401033189,1.7044199999999998
WAR-XCH-b72a1bbc-7,80.71120000000003,3,4,1,76.54,123.96220626772282,2.311000000000001
WAR-XCH-b72a1bbc-9,70.05920000000003,3,4,1,72.63,107.58927014148544,0.9491999999999999
WAR-XCH-b72a1bbc-10,88.47420000000005,3,4,1,66.64,132.68949588623914,1.7886999999999993
WAR-XCH-b72a1bbc-11,93.09120000000006,3,4,1,66.64,139.05443800063574,2.178799999999999
WAR-XCH-b72a1bbc-14,69.83800000000004,3,4,2,83.63000000000001,107.26995866417458,0.5426999999999997
WAR-XCH-b72a1bbc-15,86.24020000000004,3,4,1,76.29,130.3875249845925,2.1130000000000004
WAR-XCH-b72a1bbc-16,86.32220000000004,3,4,1,63.400000000000006,128.80824027405745,2.7795000000000014
WAR-XCH-b72a1bbc-49,85.92320000000005,5,4,1,66.64,127.33038492537177,1.5020999999999998
GAB-REV-4a4e2ff3-20,104.06480000000002,6,3,4,85.6,154.74128765417564,3.474000000000001
JON-UIO-066ce08b-3,66.77500000000003,2,3,0,53.510000000000005,106.40746840258139,0.3147999999999993
JON-UIO-066ce08b-9,82.77000000000005,4,2,0,23.55,126.28666006770716,2.633320000000001
ALE-UNK-fca05062-1,179.5358999999995,15,5,4,120.0,272.27542605449304,4.328140000000003
ALE-UNK-fca05062-2,196.89689999999945,17,9,4,145.77999999999997,302.0583739168022,5.905200000000005
ALE-UNK-fca05062-3,84.56670000000004,6,2,1,38.33,125.50307952509937,3.0411400000000013
BAR-COM-4e090d3a-2,109.9426,4,9,2,128.91,169.5597957455189,2.2064999999999992
BAR-COM-4e090d3a-3,102.77420000000001,6,4,3,74.25,152.28048818961383,3.674220000000001
BAR-COM-4e090d3a-4,99.70040000000004,5,5,2,66.49000000000001,151.90287180887475,3.0740000000000016
BAR-COM-4e090d3a-5,96.4668,7,7,3,119.98,149.79811823344008,1.6559999999999995
BAR-COM-4e090d3a-6,101.84870000000005,5,6,1,77.63,156.19746581386335,2.1501
BAR-COM-4e090d3a-9,103.41420000000002,6,8,1,107.44,166.27106518841262,2.7991400000000013
BAR-COM-4e090d3a-10,106.46340000000004,8,6,3,113.07999999999998,170.95112275424802,2.3975
BAR-COM-4e090d3a-11,99.27470000000002,7,3,1,54.88,147.5209823491529,3.8331000000000026
BAR-COM-4e090d3a-12,98.50250000000003,7,5,2,80.04,152.03619726016456,1.8957199999999996
BAR-COM-4e090d3a-14,83.61280000000001,4,6,3,125.41000000000001,131.0887679642745,1.2304799999999998
BAR-COM-4e090d3a-15,103.66370000000002,7,3,1,51.22,157.3532037101983,4.537700000000003
BAR-COM-4e090d3a-16,100.01070000000003,5,6,1,85.59,158.51142949037845,3.052500000000001
BAR-COM-4e090d3a-19,102.04640000000002,8,5,2,93.46000000000001,162.23689156560783,2.828500000000002
BAR-COM-4e090d3a-20,91.39740000000005,5,4,2,66.91,136.10274551635752,3.5733000000000024
BAR-COM-4e090d3a-21,85.70510000000003,4,5,2,101.21000000000001,133.08424557121606,0.5792999999999993
BAR-COM-4e090d3a-26,91.85620000000006,5,4,1,64.11,142.03137067665295,3.6791000000000027
BAR-COM-4e090d3a-27,108.18640000000006,8,5,2,96.45,170.23247285930134,2.428300000000001
BAR-COM-4e090d3a-29,94.60940000000004,6,4,2,66.91,144.3147192571806,3.3213000000000017
BAR-COM-4e090d3a-31,103.65870000000007,8,6,1,89.35000000000001,164.43513826610427,2.1077999999999997
BAR-COM-4e090d3a-34,83.07100000000004,7,6,2,89.27000000000001,133.81670135887146,1.0002999999999989
BAR-COM-4e090d3a-36,90.19470000000005,7,5,1,73.22,141.39820785688903,1.9807
BAR-COM-4e090d3a-39,77.98340000000003,5,5,2,93.21000000000001,126.28298650271836,0.8825999999999998
BAR-COM-4e090d3a-43,89.84020000000005,6,4,1,64.36,139.14424645409798,3.5466000000000024
BAR-COM-4e090d3a-44,99.85690000000004,4,3,2,74.58000000000001,153.10901881758167,3.719400000000002
BAR-COM-4e090d3a-45,89.22370000000005,7,6,1,72.28,141.14724339127542,0.8579000000000008
BAR-COM-4e090d3a-47,98.03170000000003,7,5,1,75.94,152.22144515911847,2.1646
BAR-COM-4e090d3a-49,70.83420000000002,5,5,1,75.00999999999999,114.16687621807823,1.97548
BAR-COM-4e090d3a-50,76.17670000000003,6,6,1,86.33000000000001,127.1247822810892,1.2582999999999998
BAR-COM-4e090d3a-51,85.75070000000004,5,6,1,81.81,132.15582615001927,0.9293
BAR-COM-4e090d3a-52,74.80240000000002,6,5,2,81.07000000000001,124.8774982696659,1.7806999999999997
BAR-COM-4e090d3a-53,82.69440000000004,5,5,2,93.21,132.64792861711493,1.4435999999999998
BAR-COM-4e090d3a-54,97.08640000000004,7,6,2,88.61,152.0581232139794,1.5092999999999999
BAR-COM-4e090d3a-56,93.93440000000004,5,4,2,87.21999999999998,145.9925548550094,1.8317999999999999
BAR-COM-4e090d3a-57,101.477,6,5,3,108.39000000000001,160.4769152561619,2.693600000000001
BAR-COM-4e090d3a-58,87.44640000000004,4,5,2,66.49000000000001,132.66695547673956,2.3014
BAR-COM-4e090d3a-60,81.30240000000003,4,4,2,87.22,126.89772851181958,1.5350000000000001
BAR-COM-4e090d3a-62,80.22060000000003,6,5,2,99.23999999999998,127.61172577911667,0.7751999999999998
BAR-COM-4e090d3a-64,105.75919999999999,6,5,1,64.11,164.3922065549395,4.339400000000003
BAR-COM-4e090d3a-65,81.61620000000005,5,4,1,64.36,129.192466151156,3.3161000000000023
BAR-COM-4e090d3a-66,98.82970000000003,5,4,1,54.46000000000001,152.50988047839488,3.309400000000002
BAR-COM-4e090d3a-68,81.85020000000002,4,4,3,90.9,126.3980037475781,2.1437999999999997
BAR-COM-4e090d3a-69,75.83140000000003,6,4,2,76.14,125.09342424765968,2.4422000000000006
STE-KUL-2e0d2e88-1,82.51520000000004,5,3,1,52.650000000000006,129.4058909465212,0.799400000000001
STE-KUL-2e0d2e88-2,100.02120000000004,5,3,1,52.650000000000006,152.08755547825638,1.952600000000001
ALE-HEI-f28a35b5-1,68.05740000000003,2,2,2,54.02,99.6992760025606,3.034020000000001
ALE-HEI-f28a35b5-4,61.524400000000014,2,5,2,79.8,95.7473888032698,1.8855199999999996
GAB-REV-70cc3ca5-8,99.16250000000002,5,5,1,92.26,151.30122012304588,2.19742
GAB-REV-70cc3ca5-18,77.40140000000001,3,3,2,70.67,115.62482886704514,2.44752
GAB-REV-70cc3ca5-20,79.12290000000003,4,4,2,102.15,122.61502252277694,1.2186199999999998
GAB-REV-70cc3ca5-22,84.94370000000002,4,4,1,68.02000000000001,131.87820605138597,3.7559200000000024
ALV-UNI-7ff1a6f9-14,100.41070000000002,2,3,1,45.980000000000004,148.4928039272075,4.992120000000003
ALV-UNI-7ff1a6f9-43,86.43100000000003,2,4,0,30.19,130.27388867646476,4.572320000000002
ALV-UNI-7ff1a6f9-45,85.25570000000003,3,2,1,41.99,123.19602046508437,3.724420000000002
ALV-UNI-7ff1a6f9-46,85.52070000000002,3,2,1,41.99,135.69262667386306,4.434800000000002
ALV-UNI-7ff1a6f9-47,87.07070000000003,4,3,1,51.22,128.30956569459127,3.4246000000000016
PET-SGC-a8a902d9-1,96.09450000000005,5,5,2,65.46000000000001,145.89260815901042,2.9781200000000014
BEN-DND-362d364a-10,89.54220000000004,7,5,2,91.4,137.07649712075866,0.8139000000000003
DAV-CRI-14a23e73-1,95.53890000000001,5,3,2,89.25999999999999,150.36684910999037,3.0704000000000002
DAV-CRI-3edb475e-4,60.14150000000002,4,2,2,49.33,98.00332206669457,1.7284
DAV-CRI-3edb475e-6,58.68770000000003,3,1,1,29.1,97.37462371742478,2.895100000000001
FAR-UNI-a04c1544-1,104.72920000000002,9,6,3,113.96,168.37859123368762,1.1742000000000004
MAK-UNK-9159f8ed-4,111.84970000000004,7,6,2,121.88,173.62064854667736,1.9803999999999997
MAK-UNK-9159f8ed-6,100.89070000000004,5,4,2,95.57999999999998,151.6156969883335,2.4372000000000007
MAK-UNK-9159f8ed-7,97.89600000000004,5,5,1,92.78,151.1793800342323,2.4041000000000006
MAK-UNK-6435e6c2-1,65.33180000000003,2,4,0,57.690000000000005,104.69755325562448,0.6009
MAK-UNK-6435e6c2-5,67.41280000000003,2,3,0,57.690000000000005,111.22272538813924,0.6784999999999999
MAK-UNK-6435e6c2-6,67.37080000000003,2,3,0,57.690000000000005,115.38826079106548,0.8176000000000001
DAN-PUR-6788a628-2,63.30320000000003,5,4,1,97.53999999999999,105.00438996544504,-0.8836999999999997
RUT-UNI-630c5802-20,105.95300000000003,8,5,0,51.02,158.17663704823298,4.3479000000000045
GER-UNI-05c7e912-1,90.1122,3,4,1,77.98,147.47998201558556,3.5139200000000006
GIA-UNK-a79af1bc-1,75.45070000000003,3,4,1,58.120000000000005,117.92383113816709,1.73514
NIR-THE-0d6461ce-8,79.91700000000004,3,1,0,20.310000000000002,124.23793921954771,3.6683200000000022
NIR-THE-c331be7a-1,85.27640000000002,2,2,1,46.33,128.87188943815633,2.981700000000002
NIR-THE-c331be7a-2,85.57900000000004,2,2,0,44.1,134.28952053700894,3.271180000000002
NIR-THE-c331be7a-6,85.60100000000004,2,1,0,20.310000000000002,129.8969408555402,3.7079200000000023
DAR-DIA-eace69ff-36,51.02040000000002,2,1,2,27.82,75.76750988757395,2.0263999999999998
GAB-FAC-880f6604-1,98.66410000000002,5,3,3,66.05,148.7645464621083,4.260900000000002
VIR-GIT-7b3d3065-2,70.45500000000004,2,2,0,40.620000000000005,113.25287186090634,1.4763
VIR-GIT-7b3d3065-3,67.93000000000004,3,2,0,40.620000000000005,107.89376090003896,1.3305999999999998
GIA-UNK-3f36037a-1,67.03170000000004,3,3,1,58.64,107.85317937693621,0.6841999999999995
GIA-UNK-3f36037a-6,70.30470000000004,4,3,1,58.64,112.09139416454644,0.5517000000000001
GIA-UNK-3f36037a-7,72.55540000000003,4,3,2,71.09,110.22574021700099,2.0488999999999997
DAN-LON-a5fc619e-3,92.40500000000006,5,2,0,23.550000000000004,142.7276571185443,3.6377000000000024
DAN-LON-a5fc619e-8,76.48800000000004,3,2,0,23.550000000000004,122.62699962182523,2.3639
DAN-LON-a5fc619e-10,103.09600000000003,5,2,0,23.550000000000004,158.68992498141844,3.8343000000000034
JOH-MSK-ec639444-2,74.62070000000004,4,2,1,38.33,113.89409146956328,2.5676000000000005
CHR-SOS-363cfb78-1,65.83040000000001,2,4,2,90.7,103.3115036649758,1.9922799999999998
CHR-SOS-363cfb78-2,70.56740000000002,2,4,2,90.69999999999999,109.6764457793724,2.3007
GIA-UNK-595fac82-2,70.90820000000004,2,3,1,58.64,112.09139416454644,1.6471999999999998
GIA-UNK-595fac82-5,70.28170000000004,3,3,1,41.57,107.92987206450267,2.0069999999999997
CHR-SOS-7098f804-4,72.52200000000002,2,2,2,49.33,113.96558992956878,3.951300000000001
CHR-SOS-7098f804-7,67.51200000000001,2,2,2,49.33,103.66232370268709,3.2979000000000016
CHR-SOS-7098f804-10,70.31700000000001,2,3,2,62.22,113.18523791051528,3.3463000000000007
CHR-SOS-7098f804-11,65.30700000000002,2,3,2,62.22,102.88197168363361,2.692900000000001
CHR-SOS-7098f804-12,63.642200000000024,2,2,1,41.99,98.08773793143759,2.987300000000001
CHR-SOS-7098f804-14,89.07820000000001,3,2,1,41.99,133.14483213750165,4.654300000000003
CHR-SOS-7098f804-21,68.65220000000002,2,2,1,41.99,108.39100415831928,3.6407000000000016
GIA-UNK-eaadd1d4-1,82.46850000000003,2,3,0,49.85000000000001,130.39036084080237,1.3976000000000002
GIA-UNK-eaadd1d4-3,85.32380000000005,3,4,0,66.92,136.6246725187771,0.9461000000000004
TRI-UNI-97428359-1,99.57040000000003,6,4,2,60.50000000000001,148.40276487581775,1.7029999999999992
CHR-SOS-f7373dd1-4,84.07170000000005,4,2,1,41.99,124.96829323740634,3.922200000000002
ANN-UNI-26382800-3,68.03540000000002,2,3,2,77.81,104.0918556840293,2.5972800000000005
ANN-UNI-26382800-5,67.72770000000003,3,3,1,65.78,104.90693561481784,2.13448
ANN-UNI-26382800-6,76.79240000000003,3,3,2,74.15,116.35069504698629,3.2108800000000004
DUN-NEW-f8ce3686-13,91.72470000000006,5,4,1,63.57000000000001,140.92207483268447,1.1787000000000005
DUN-NEW-f8ce3686-22,78.03280000000004,3,3,0,57.690000000000005,123.72539832649127,1.0703
DUN-NEW-f8ce3686-23,104.30420000000002,7,5,2,88.16,159.81523015279726,2.994600000000002
DUN-NEW-f8ce3686-24,103.26340000000003,6,3,2,68.44,158.0266001280639,1.7295
DUN-NEW-f8ce3686-25,96.58680000000005,7,3,0,57.690000000000005,149.18516678407772,1.9680999999999995
AGN-NEW-891393a6-1,71.88770000000002,3,4,1,60.45,114.67977050484797,3.3545000000000016
MIH-UNI-6b9ca91a-5,66.59050000000003,3,3,2,56.05,99.955057171627,2.87598
AGN-NEW-c7b24fe3-5,75.95770000000003,3,2,1,41.99,116.1817896664867,2.897500000000001
PAT-GYR-359dbb24-1,69.00470000000003,2,2,1,41.57000000000001,106.92909745636193,1.2097
ANT-LOU-17aa1493-2,109.45540000000004,8,8,2,113.58000000000001,173.5120741850788,2.3153999999999995
KIM-UNI-2ee5d8f9-1,70.64780000000003,2,3,1,43.78,111.75885618627218,1.7097
ANT-STE-dbb91f63-1,90.48800000000003,5,6,0,63.49,145.2955389903558,1.1588999999999996
JOR-UNI-2fc98d0b-6,99.31270000000004,5,4,1,57.7,151.90477203420164,3.1057000000000015
JOR-UNI-2fc98d0b-12,103.24570000000004,5,2,1,45.230000000000004,153.7612773632846,5.7439000000000044
ADA-UNI-f8e79267-5,80.59340000000005,6,3,2,54.02,118.7941023457504,2.4134
PAT-UNK-b2d83456-1,68.68800000000003,2,3,0,47.34,107.41887800305983,1.22238
ANT-DIA-b7f58f21-2,54.65730000000003,4,3,2,66.4,83.63110129090595,0.48389999999999983
ANT-DIA-b7f58f21-3,54.65730000000003,4,3,2,66.4,83.63110129090595,0.4838999999999996
TRY-UNI-1fd04853-5,83.09640000000002,4,2,2,57.78,126.70844711298032,3.0752000000000006
TRY-UNI-1fd04853-7,83.09640000000002,4,2,2,57.78,126.70844711298032,3.0752000000000006
TRY-UNI-1fd04853-8,82.8014,4,3,2,81.57000000000001,127.16270268196395,2.2934800000000006
TRY-UNI-1fd04853-9,80.89140000000002,4,3,2,70.67,125.92809509392681,2.4702
TRY-UNI-1fd04853-11,80.89140000000002,4,3,2,70.67,125.92809509392681,2.4702
TRY-UNI-1fd04853-12,80.5964,4,4,2,94.46000000000001,126.38235066291045,1.68848
TRY-UNI-714a760b-5,67.74970000000003,3,2,1,41.99,100.51435593334915,2.5712200000000003
TRY-UNI-714a760b-6,72.75970000000002,3,2,1,41.99,110.81762216023081,3.2246200000000016
TRY-UNI-714a760b-12,73.06740000000002,2,2,2,54.02,110.00254222944226,3.6874200000000013
TRY-UNI-714a760b-16,73.34270000000004,3,2,1,41.99,109.00602537453214,3.544920000000002
TRY-UNI-714a760b-18,77.47070000000004,3,2,1,41.99,117.18256427462742,3.7856200000000024
TRY-UNI-714a760b-20,72.46470000000002,3,3,1,65.78,111.27187772921447,2.4429000000000007
TRY-UNI-714a760b-22,77.17570000000003,3,3,1,65.78,117.63681984361108,3.0039000000000016
TRY-UNI-714a760b-24,72.77240000000002,2,3,2,77.81,110.45679779842592,2.9057000000000004
WAR-XCH-eb7b662f-2,73.04540000000001,2,3,2,77.81,114.39512191091096,3.25068
WAR-XCH-eb7b662f-4,69.99520000000001,2,3,3,74.25,108.43183386724166,3.0846
WAR-XCH-eb7b662f-5,73.06740000000002,2,2,2,54.02,110.00254222944224,3.6874200000000013
DAR-DIA-842b4336-3,65.93440000000002,2,3,2,54.02,97.33963927297206,3.0955200000000005
DAR-DIA-842b4336-4,66.20740000000002,2,3,2,54.02,101.27796338545713,3.440500000000001
DAR-DIA-842b4336-7,58.11840000000001,2,4,2,80.05,91.71325324758389,2.0220199999999995
DAR-DIA-842b4336-13,65.89970000000002,3,3,1,41.99,102.09304331624568,2.9777000000000005
DAR-DIA-842b4336-18,77.48340000000002,3,3,2,57.78,114.0455441565101,3.114020000000001
DAR-DIA-23aa0b97-1,79.58440000000002,3,3,2,81.57000000000001,120.79776056756734,2.61578
DAR-DIA-23aa0b97-2,77.3794,3,4,2,94.46,120.01740854851386,2.0107799999999996
DAR-DIA-23aa0b97-5,68.03540000000002,2,3,2,77.81,104.0918556840293,2.5972799999999996
DAR-DIA-23aa0b97-8,72.44780000000002,2,4,3,103.83,109.431746381042,2.17948
DAR-DIA-23aa0b97-11,79.89210000000001,2,3,3,93.60000000000001,119.9826806367788,3.0785800000000005
DAR-DIA-23aa0b97-12,79.87940000000002,3,2,2,57.78,120.34350499858371,3.397500000000001
DAR-DIA-23aa0b97-13,72.7428,2,3,3,80.03999999999999,108.97749081205838,2.9612000000000007
DAR-DIA-23aa0b97-14,68.33040000000003,2,2,2,54.02,103.63760011504564,3.3790000000000013
DAR-DIA-23aa0b97-15,66.12540000000001,2,3,2,66.91,102.85724809599213,2.774
DAR-DIA-23aa0b97-17,65.52270000000001,3,4,1,78.67,104.12658359576436,1.5294799999999997
DAR-DIA-23aa0b97-19,85.23370000000003,3,3,1,65.78,127.58860014655305,3.2876800000000017
DAR-DIA-23aa0b97-20,80.51870000000004,3,2,1,41.99,116.83107835068776,3.4160000000000013
ANT-DIA-3c79be55-4,69.44600000000003,4,5,1,89.27,109.93408357921255,1.4715
