CID,qvina,rfscore_qvina,plants,rfscore_plants
MAR-UNI-c84db004-13,-9.0,6.586497894494393,-85.92299999999999,7.4478760127650165
BAR-COM-4e090d3a-53,-7.5,7.2216919575979555,-83.8857,7.340981388611389
TRY-UNI-714a760b-6,-6.4,6.3772530531690546,-68.7197,6.414522927572426
EDJ-MED-c9f55a56-1,-6.2,5.4910301221001285,-69.4555,6.042434140637143
LON-WEI-0a73fcb8-7,-7.4,6.67794158269508,-73.4504,6.826286764790767
MAT-POS-590ac91e-3,-5.6,5.398376446608944,-62.3559,5.965572591131092
LON-WEI-0a73fcb8-5,-7.1,6.561453818903319,-77.0376,6.811579918747918
MAT-POS-916a2c5a-1,-6.6,6.9720687073482095,-74.8072,6.318335877566869
LON-WEI-d1c9908a-5,-6.9,7.452002161810412,-80.5485,7.501834477094801
LON-WEI-babf2c61-7,-8.0,7.395199192307695,-91.8761,7.6922905290820305
BEN-DND-031a96cc-8,-6.4,6.470065268509267,-65.8064,6.230657796259298
LON-WEI-adc59df6-17,-6.1,7.2238349368964325,-83.0442,6.763206296536801
LON-WEI-adc59df6-53,-6.5,7.4585632529415005,-77.6543,7.478014166305909
ALP-POS-95b75b4d-6,-6.4,5.480515480741477,-77.8305,6.315299189366188
NAU-LAT-8502cac5-8,-6.5,6.38908646181596,-66.4951,6.902798152958153
LON-WEI-babf2c61-12,-7.5,7.661461946969693,-98.1671,7.6821570513930535
TRY-UNI-714a760b-3,-6.2,5.860529551226553,-76.1786,6.655581165390171
MAR-UNI-c84db004-4,-7.9,7.204179028027528,-78.6478,6.819215330280835
MAT-POS-590ac91e-7,-5.5,5.413945497113995,-67.4225,5.455476261183257
GIA-UNK-595fac82-3,-6.2,5.858391053002553,-64.0727,5.927949026862029
DAR-DIA-23aa0b97-13,-5.7,5.9352386128871135,-56.5917,5.676097200965701
VLA-UCB-00f2c2b3-2,-6.5,6.8591915993451025,-78.4324,7.15566978660229
LOR-NEU-c8f11034-6,-6.1,5.799147124819621,-55.7081,6.225699717893216
LON-WEI-adc59df6-16,-7.2,7.355531427045176,-77.4071,7.089891140942393
MAT-POS-590ac91e-59,-8.5,6.923013712290976,-81.2158,7.204266012059836
ANT-DIA-b7f58f21-3,-5.3,4.814521998445999,-64.8278,5.1933531823731816
LON-WEI-0a73fcb8-4,-7.1,6.929840469030969,-72.4609,7.01606054290154
MAR-UNI-c84db004-11,-6.1,6.405040869685871,-70.0751,6.678100575036068
WAR-XCH-b72a1bbc-15,-6.9,6.025972102897107,-71.6436,6.1395662503607555
JOH-UNI-a5c0a47e-2,-6.6,6.435118194139199,-76.3698,6.294279147907653
BEN-DND-93268d01-4,-6.3,6.271299650238656,-68.1502,6.824316301476308
JAR-IMP-ed466bb3-13,-8.0,6.512119317460318,-69.6792,6.809473369408376
JAG-UCB-a3ef7265-10,-6.3,5.990572787379287,-66.583,6.323972239593737
NAU-LAT-8502cac5-9,-6.6,6.761720954489957,-73.9436,7.415738217171718
CHR-SOS-363cfb78-1,-5.7,5.592893958208465,-52.0042,5.824648498223999
BEN-BAS-f6e16b09-1,-7.5,6.507766250138756,-88.868,6.678465714674215
WAR-XCH-b72a1bbc-4,-5.8,5.9619594116994135,-64.0026,6.169407779220777
GER-UNI-caecb3b0-1,-8.3,7.343749140692638,-79.1886,6.9095612890442855
WAR-XCH-eb7b662f-5,-5.4,5.916867325008326,-56.618,5.609541283549782
PAT-UNK-b2d83456-1,-6.7,6.822959316849817,-73.8708,6.8917380765900855
LON-WEI-b8d98729-45,-6.5,7.062419029664782,-87.4265,7.734824513542013
DAR-DIA-23aa0b97-11,-6.9,6.628145952103457,-62.6595,7.1137709776334805
LON-WEI-8f408cad-4,-7.1,6.636679992784988,-75.9473,6.462215978354979
LON-WEI-b8d98729-3,-6.8,5.535197053502051,-71.107,5.894408578310574
LON-WEI-b8d98729-5,-7.3,7.385061754634258,-108.245,7.439473795093802
MAK-UNK-10572812-16,-9.6,7.6101806307581175,-98.2832,7.608068479242981
LON-WEI-1908424e-3,-8.5,7.341434334165841,-90.5268,7.534083721611728
IAN-BAS-5394d4c4-1,-8.2,7.434489910117666,-94.2162,7.094034530969036
LON-WEI-adc59df6-41,-6.7,7.1019436105283615,-90.9144,7.463655010989009
NEH-REV-107bcf72-5,-6.4,6.112539360528362,-75.032,6.117499279942279
STU-CHA-7b3b91d5-1,-7.5,7.269062418081917,-85.5739,7.425992689754688
LOR-NOR-30067bb9-13,-5.8,5.1808714696969735,-65.4961,5.137489506993009
MAT-POS-590ac91e-68,-9.0,7.327301793040289,-70.2774,6.988183801646072
LON-WEI-babf2c61-3,-7.5,7.540666749639254,-92.265,7.707090911976918
DAR-DIA-842b4336-18,-6.4,5.936615176212674,-73.2059,6.2141968689088705
WAR-XCH-b72a1bbc-16,-6.6,6.299108852314348,-69.9236,6.202633834054833
DAR-DIA-842b4336-7,-6.0,5.662360566322574,-62.9061,5.673959808080814
MAR-UNI-c84db004-16,-8.2,5.895165988566992,-73.0603,5.945581305194807
WAR-XCH-b6889685-29,-7.4,6.842870221611719,-84.2665,6.807440161449666
GAB-REV-70cc3ca5-8,-7.2,7.271641347818849,-75.7178,7.0719590714285765
NIM-UNI-ed9fc491-4,-8.3,7.829454440992016,-100.863,7.827922350804419
BAR-COM-4e090d3a-56,-7.4,7.315222291763798,-74.8347,7.167162048451548
MAT-POS-590ac91e-38,-7.5,6.9187053982128965,-78.7388,6.239926422799425
EDG-MED-0da5ad92-13,-6.4,6.256326911366415,-75.1445,6.300867185425685
JOH-UNI-a5c0a47e-1,-6.3,6.1642253338328326,-78.9967,6.312015924630928
MED-COV-4280ac29-10,-7.4,5.8071720328005325,-79.23100000000002,6.642676273171281
MAT-POS-bfefc3ea-3,-6.5,7.606839749100567,-93.8646,7.500861591269838
BAR-COM-0f94fc3d-38,-6.1,6.7523699378399415,-73.0402,6.439051644799644
LON-WEI-8f408cad-7,-5.5,6.312720633755126,-68.3201,5.946335813575308
GIA-UNK-d2defdc3-1,-7.3,6.7686363938838925,-81.0106,6.890800508602508
LON-WEI-b8d98729-46,-7.0,7.661165030497277,-88.1872,7.319668559884561
DAR-DIA-23aa0b97-5,-5.7,6.265916460761469,-54.1548,5.764970317460321
ERI-BAS-962ecb40-1,-9.1,7.499322994949497,-89.7749,7.40262368797868
LOR-NOR-30067bb9-10,-7.3,6.738678894882899,-77.9779,6.867338910589408
MAK-UNK-129dcd6f-12,-6.6,7.011321494616486,-51.4589,6.952266672771668
NAU-LAT-64f4b287-5,-6.8,6.940250418137418,-71.101,6.794140107392606
BRU-LEF-cf996d6c-1,-6.2,5.627413337995336,-77.5042,6.199481284992785
LON-WEI-b8d98729-7,-6.7,7.108995712731713,-66.1411,7.214396001443004
EDG-MED-0da5ad92-16,-6.7,6.33547568709069,-69.8326,6.63499520801421
MAT-POS-590ac91e-47,-8.0,7.248882836219339,-88.6229,7.325736316017318
JAG-UCB-cedd89ab-3,-6.6,5.803139651903657,-70.9335,5.818589201687202
TRY-UNI-714a760b-16,-6.1,6.360644730824734,-68.5129,6.369283479076478
MAT-POS-590ac91e-13,-5.7,5.440915435064942,-62.0835,5.163181847596847
MAT-POS-590ac91e-40,-7.5,7.2808903950216415,-81.2937,6.695438106782111
MAT-POS-590ac91e-55,-9.0,7.3107875603285635,-83.304,6.981150247474741
WAR-XCH-b72a1bbc-11,-6.8,6.4539408149628255,-69.1691,6.4834542899322845
LON-WEI-b8d98729-23,-6.6,7.248261414890657,-85.6052,7.364281948900766
MAR-UNI-c84db004-15,-8.1,7.263302052170057,-87.69200000000002,7.813675971805968
LON-WEI-d1c9908a-13,-7.4,7.285810810606061,-84.8942,6.893440235930736
MAT-POS-590ac91e-32,-7.3,6.962450032106784,-79.1005,6.069525603896104
MAT-POS-590ac91e-20,-5.5,6.1502974427794435,-54.7652,6.195822852813856
AAR-POS-8a4e0f60-10,-8.0,7.116498476745467,-80.7317,7.01232337395937
GIA-UNK-3f36037a-1,-6.2,6.047892115162612,-69.4881,6.234645370462863
AAR-POS-8a4e0f60-7,-7.5,7.105625379065383,-75.6402,7.1006105920745926
LON-WEI-babf2c61-9,-7.6,7.369327495337997,-92.5444,7.4949771293706275
MAT-POS-590ac91e-28,-5.6,5.609611338328339,-57.4807,6.240677104839605
LON-WEI-adc59df6-1,-6.5,7.432017076617822,-83.9472,7.567574622821617
TRY-UNI-714a760b-24,-5.6,5.84349677811078,-45.8667,6.43009789069264
HAN-NEW-5f56c3bc-1,-5.2,5.639195084415591,-45.8405,5.5945475018037545
BAR-COM-0f94fc3d-45,-6.1,6.7403090531135526,-66.7686,6.727335005550006
WAR-XCH-b6889685-30,-7.2,6.310967468975475,-78.8791,6.803706657398155
BEN-BAS-bb561ced-1,-9.1,7.769649692279942,-97.8535,7.749734435786428
BAR-COM-4e090d3a-12,-6.9,7.223309789266282,-88.3538,7.290458044372295
JAN-GHE-83b26c96-2,-6.4,5.897191135642135,-76.5981,6.844414649184152
JOH-UNI-591f77bd-1,-5.9,6.262380806637805,-75.5715,5.398284107004106
WAR-XCH-b72a1bbc-18,-6.8,6.706214269397267,-67.9909,6.356673281329786
MAK-UNK-0d6072ac-4,-6.8,6.205192888500383,-80.8633,6.336041798035293
MAT-POS-590ac91e-51,-7.9,6.821839205266959,-89.0312,7.297306747474747
VIJ-CYC-1a381570-13,-5.8,7.12371477212004,-81.2997,7.2385807713952754
ANN-UNI-26382800-6,-6.2,6.720701054667552,-52.9175,6.013149000721503
LON-WEI-adc59df6-43,-7.2,7.456925711344208,-79.8529,7.441755873531696
JOH-UNI-c7afdb96-11,-6.1,6.422105075979571,-73.0964,6.567183185481187
LON-WEI-d1c9908a-6,-7.2,7.117760220002222,-89.7295,7.472977600288602
KIM-UNI-2ee5d8f9-1,-6.3,6.338827166278162,-74.6188,6.4347740154845114
MAT-POS-590ac91e-23,-6.1,5.899075567099565,-70.3124,6.29778003946054
MAT-POS-590ac91e-45,-7.5,6.7195126345876375,-71.8507,7.109110268786769
TAM-UNI-d1c3dd9f-12,-7.6,7.149169058663548,-85.7998,7.359025810372633
BAR-COM-4e090d3a-62,-6.0,6.9285444927295,-75.8385,7.286695207792206
LON-WEI-b8d98729-10,-6.0,7.269975562021309,-76.1483,7.331294258158508
TRY-UNI-714a760b-19,-7.1,7.095551672050173,-76.7711,7.086410101731604
LON-WEI-1908424e-10,-7.4,7.439085113664116,-85.571,7.401952660783661
BEN-DND-93268d01-14,-5.8,6.637438061216563,-64.7229,6.164657912254418
JAG-UCB-a3ef7265-17,-6.2,5.373046109612615,-71.4494,6.250807705405707
MAT-POS-590ac91e-44,-7.4,7.202501496880562,-71.131,6.424569625541119
BAR-COM-4e090d3a-30,-7.2,7.244920066045076,-80.6995,7.263461623376628
MAR-UNI-c84db004-1,-6.6,6.136790912698414,-67.8895,6.775082941946942
MAR-UNI-c84db004-18,-9.1,7.72519632156733,-87.9536,7.663514049284051
NAU-LAT-445f63e5-2,-6.3,6.691539424908421,-75.97800000000002,6.485973468919963
LON-WEI-d1c9908a-8,-7.5,7.232184876956378,-88.2266,6.993919947524701
MED-COV-4280ac29-30,-7.2,7.188140393217899,-75.6587,6.343578570707063
LON-WEI-adc59df6-14,-6.7,7.296907558219558,-81.0176,7.066439149239645
BAR-COM-4e090d3a-31,-7.0,7.527660692030191,-82.6523,7.465336425629919
JAG-UCB-a3ef7265-11,-6.3,5.28075315673216,-69.0434,6.0225916623376605
JOH-MSK-ec639444-2,-6.6,6.234260806471305,-73.5548,6.229452950049953
LOR-NOR-30067bb9-18,-6.6,5.950109842490847,-69.0045,6.036463355699862
LON-WEI-adc59df6-68,-6.8,7.282522658813405,-77.9491,7.298476375124879
JAN-GHE-5a013bed-3,-7.9,6.7759743720723735,-74.128,7.124718765512264
LON-WEI-adc59df6-61,-5.5,6.382258530414022,-79.9411,6.823297615440116
DAR-DIA-23aa0b97-17,-6.5,6.595699367965367,-74.1667,7.054005727328226
NAU-LAT-445f63e5-5,-6.6,6.9471383191808185,-72.0557,6.917337473248973
EDG-MED-0da5ad92-21,-6.3,5.873477429792428,-69.1291,5.761355111999121
MAR-UNI-c84db004-2,-7.8,6.79856678421578,-82.2838,6.8321735836940825
GIA-UNK-20b63697-6,-6.8,6.5599757200577224,-79.2898,6.677247015151518
LON-WEI-b8d98729-14,-6.4,7.245753906426902,-83.1369,7.470520577367082
LON-WEI-adc59df6-57,-6.0,7.1984878437950925,-79.3043,7.3701513499278475
JAG-UCB-a3ef7265-13,-6.0,6.6265312356532355,-74.6172,6.877118457986461
MAT-POS-590ac91e-24,-5.9,5.862968421633923,-66.4227,6.085777155122652
FAR-UNI-736b943a-6,-8.3,7.460392380341887,-94.2658,7.598608111222112
AAR-POS-8a4e0f60-6,-7.6,7.289285650072148,-75.9399,6.798672293650791
BAR-COM-4e090d3a-2,-9.0,7.422900077145082,-66.843,7.487783005161503
MAT-POS-590ac91e-35,-7.7,6.7630187012987015,-70.0016,6.858591358003111
TRY-UNI-714a760b-22,-6.4,6.822023072039075,-66.7106,6.917609620490618
BAR-COM-4e090d3a-7,-7.2,7.258708622227446,-82.1967,7.197689221445224
DUN-NEW-f8ce3686-22,-6.0,6.0467678799533795,-74.6248,6.406260467254969
DRA-CSI-7ec17797-18,-8.3,6.973675567876566,-77.8671,7.334526266511266
CHR-SOS-7098f804-4,-6.6,5.568803884060376,-71.6021,5.806296320679317
NAU-LAT-445f63e5-6,-7.3,6.9924633603063615,-75.631,6.980838127705628
TRY-UNI-1fd04853-7,-7.3,6.247618504107004,-82.9482,6.725922688089688
LON-WEI-1908424e-13,-7.0,6.400404528860028,-78.1492,6.118187557498053
LON-WEI-adc59df6-87,-6.3,7.438937651320896,-88.4154,6.7657874466089485
LON-WEI-8f408cad-2,-6.7,6.1899379365079366,-70.6701,6.280472729437232
LON-WEI-babf2c61-13,-7.5,7.732897061244309,-93.4028,7.617646731007555
BAR-COM-4e090d3a-64,-8.0,7.502176360028857,-90.7457,6.9057676539016555
JAG-UCB-a3ef7265-20,-6.9,7.220051090187589,-74.0359,7.043698302031294
MAK-UNK-9159f8ed-7,-7.3,6.719960972749474,-87.1091,6.548531593073587
JAN-GHE-83b26c96-23,-6.6,5.933791389166383,-74.1302,6.740990933566432
JAG-UCB-1d922829-2,-7.6,7.115231218253967,-84.8037,7.437699295066045
LON-WEI-ff7b210a-10,-6.7,7.220761960095465,-87.1783,7.231462435064938
LOR-NOR-30067bb9-17,-7.1,6.429780270229768,-74.7195,6.534163238095237
JAN-GHE-83b26c96-9,-5.6,5.9169323400488425,-75.1106,6.618883971139966
MAR-UNI-c84db004-12,-8.4,6.290557231601733,-80.9065,6.093405644300144
MAT-POS-590ac91e-67,-8.5,6.893527327897591,-82.184,6.9709421859806815
LON-WEI-ff7b210a-7,-7.4,6.373496511044508,-79.9311,7.217593499611503
MAT-POS-590ac91e-43,-6.9,6.1508969552669575,-73.039,6.329786351148848
BEN-DND-93268d01-5,-6.3,6.2898286260406255,-71.5728,6.49000008158508
BEN-DND-93268d01-15,-6.3,5.634014624431125,-70.1978,4.9007319183594165
LON-WEI-adc59df6-83,-6.8,7.196607292651794,-78.233,7.434462379148628
LON-WEI-adc59df6-56,-5.7,6.839598569791322,-76.7386,7.192981603341103
EDG-MED-0da5ad92-12,-6.4,6.379523231435236,-72.2384,5.75822967132867
MAT-POS-590ac91e-5,-5.1,5.837426200632697,-63.5078,5.869869071817068
JAN-GHE-83b26c96-3,-7.0,7.200844155677662,-78.5134,6.996444850649356
WAR-XCH-b6889685-20,-6.1,6.384033457209454,-70.848,5.616221339105335
LON-WEI-b8d98729-31,-6.8,7.358896816405816,-76.9541,7.283044274836272
RAL-MED-2de63afb-5,-7.5,7.301508109723603,-84.1967,6.656438867410366
MED-COV-4280ac29-17,-8.3,7.32832680837463,-87.2698,7.104125188311687
ALP-POS-d2866bdf-1,-7.2,7.2686128603341125,-83.5572,7.447216941391942
AGN-NEW-c7b24fe3-4,-6.9,6.135274296259296,-74.2329,6.724248044067048
WAR-XCH-b72a1bbc-20,-7.1,6.802995678932173,-75.5913,6.8461849033189
DAR-DIA-842b4336-3,-5.2,5.574963566766577,-60.5381,6.035633055888566
FRA-BIO-8bf1eac9-6,-6.5,7.074709046176047,-81.7536,7.195738059274065
JAG-UCB-119787ef-1,-6.9,7.237946399711398,-74.0125,7.0729845357975325
AAR-POS-8a4e0f60-2,-7.6,6.962780402181148,-92.5172,7.094789516428016
WAR-XCH-b72a1bbc-19,-7.3,6.871780824009317,-82.662,6.858938620712615
LON-WEI-b8d98729-44,-7.4,7.503001432511933,-81.4319,7.574379888777889
MAT-POS-590ac91e-66,-8.6,6.8759735735375775,-78.2225,7.022004120257188
LOR-NEU-c8f11034-1,-5.2,4.815373297535797,-59.6259,5.286660209235211
LON-WEI-adc59df6-52,-6.6,7.12386657900433,-76.9474,7.237695656510161
JAN-GHE-d851b096-6,-5.2,5.354481709956709,-67.2518,5.933880473304477
ANT-DIA-3c79be55-4,-6.3,5.81000171683872,-71.5816,6.3859361112221125
LON-WEI-babf2c61-6,-7.6,7.447134433122437,-95.1264,7.609707195526697
WAR-XCH-b72a1bbc-9,-6.2,6.598165967532468,-66.626,5.874228597791098
ALE-UNK-fca05062-9,-5.4,6.182881187201684,-66.7542,5.635006095848602
MAT-POS-02ae579f-2,-7.2,6.285344945110446,-80.1747,6.40734162698414
NIM-UNI-02269248-3,-7.4,6.358909315073812,-75.0722,6.591346370932988
ANT-OPE-ab37bd51-2,-6.0,6.7704419163614205,-77.045,6.781836446053952
JAG-UCB-a3ef7265-8,-5.8,5.668640011932513,-63.9154,6.2115926580641565
WAR-XCH-b72a1bbc-7,-6.5,5.6315150445665445,-71.8654,5.576177793650798
LON-WEI-8f408cad-8,-6.2,7.21445688580863,-79.8224,7.181381794760793
MAT-POS-590ac91e-29,-5.7,5.526650475468972,-62.1478,6.070124306415804
ALV-UNI-7ff1a6f9-22,-8.6,7.137774871767122,-79.1699,7.104056606782102
ANN-UNI-26382800-5,-6.7,6.772464861305361,-75.977,6.344391371017879
JAG-UCB-1d922829-1,-7.7,7.129715977994229,-82.7242,7.361748950549448
AAR-POS-90191df4-1,-5.8,6.756356736652235,-87.286,6.533424303196802
WAR-XCH-b0339bbe-19,-8.5,7.251839758325003,-86.7467,7.271289236041732
TRY-UNI-2eddb1ff-2,-6.2,6.390942649572658,-72.8768,6.48857836224887
BRU-LEF-c49414a7-1,-7.4,7.278952546897544,-76.1108,7.149291327505832
MAT-POS-590ac91e-50,-7.7,7.1645427639860175,-83.083,7.2239138560606095
JON-UIO-066ce08b-7,-7.2,6.143475387723385,-90.3338,6.277299649017646
MAT-POS-590ac91e-49,-7.5,6.831763721694974,-77.1269,6.743000377899881
BAR-COM-4e090d3a-69,-6.9,6.918578150016647,-78.0659,6.305291546953044
LOR-NEU-c8f11034-7,-5.7,5.566647095127096,-68.8116,5.681196643689638
MAT-POS-590ac91e-37,-6.9,6.871995452353205,-88.31700000000002,7.104232001082256
ALP-POS-91609ae9-2,-6.6,6.850103660062167,-85.8225,6.572483356476859
BAR-COM-4e090d3a-23,-8.2,7.193751047619053,-82.6073,7.353919120934623
MAT-POS-590ac91e-33,-8.3,6.3287063054168,-80.262,6.709470213980457
WAR-XCH-b72a1bbc-8,-7.3,6.676662140470643,-80.3533,6.7801177696192685
JAG-UCB-a3ef7265-21,-6.8,6.708165189033193,-75.9726,6.518635098124096
ALP-POS-c0c213c9-12,-7.3,7.407274179653679,-93.7284,7.527990254023753
MAT-POS-590ac91e-31,-8.5,6.844741973304478,-82.2312,6.987118321789326
BAR-COM-0f94fc3d-28,-6.6,6.5834912874902844,-70.5452,6.445777417804412
TRY-UNI-1fd04853-8,-7.3,7.037782836219336,-81.4459,7.049162903485412
RAL-MED-2de63afb-3,-7.9,7.1893686562881545,-79.4321,7.274052334054838
MAT-POS-590ac91e-25,-5.9,6.216852636585637,-68.6718,6.073751571373076
ERI-BAS-bd3ef700-1,-8.4,7.355127581363077,-93.5425,7.3671236060606065
LON-WEI-adc59df6-103,-6.6,7.220694318598072,-72.7084,6.867064761183268
TRY-UNI-1fd04853-9,-7.2,7.007053739538248,-75.995,6.980331487623488
LOR-NOR-30067bb9-7,-6.6,5.97920129004329,-74.4811,6.600449714063719
JAG-UCB-1d922829-3,-8.3,7.522383344683095,-83.5431,7.526656288100789
JOH-UNI-c7afdb96-16,-6.5,5.815440505772004,-76.7539,5.205548189865684
LON-WEI-b8d98729-26,-6.5,6.82165041419691,-82.4886,7.343715867243869
MAR-UNI-c84db004-5,-7.9,6.80603791341991,-85.5506,6.581951202741704
ALE-HEI-f28a35b5-1,-5.2,5.6354713225108215,-47.9057,5.548444041847046
JAN-GHE-5a013bed-6,-6.5,5.899037343822847,-68.1412,5.899047474414475
DAV-CRI-3edb475e-6,-5.6,5.299731117993117,-69.7068,5.457731693584191
LON-WEI-b8d98729-11,-6.4,7.279093453712948,-85.8091,7.520283866688866
MIH-UNI-6b9ca91a-6,-6.0,5.856284423132425,-68.827,5.534343013098012
BAR-COM-4e090d3a-3,-7.4,6.414554339937839,-88.74700000000001,7.0053893055833045
BEN-DND-93268d01-13,-5.0,6.013881854367857,-71.293,6.5993930043845
LON-WEI-adc59df6-39,-6.8,7.161675586413584,-79.7323,7.410929226872795
TOB-UNK-c2aba166-2,-4.8,5.164953150987901,-65.1152,4.815887579920073
BEN-DND-7e92b6ca-1,-6.7,6.583743757520253,-70.0846,6.051597086580088
WAR-XCH-b72a1bbc-14,-6.4,6.472946181818185,-72.7796,6.012209902985903
LON-WEI-b8d98729-1,-6.7,6.823935485847484,-84.9516,7.726754124653131
MAR-UNI-c84db004-14,-9.1,7.549792955322462,-93.0982,7.6764643720723775
LON-WEI-d1c9908a-11,-7.4,7.133670971278727,-91.3956,7.3022406783771805
DUN-NEW-f8ce3686-23,-7.3,7.121479096570098,-79.6662,7.0993488812298855
LON-WEI-b8d98729-34,-5.7,5.996395415917412,-75.6805,6.607314172993672
MED-COV-4280ac29-15,-5.9,6.480559312853807,-74.1225,6.440728172161168
GAB-REV-70cc3ca5-13,-6.4,6.867226194638692,-71.8464,7.155494555444549
BAR-COM-4e090d3a-6,-7.6,7.225325066322575,-84.5041,7.150556339049836
TRY-UNI-1fd04853-12,-7.3,7.222489762959268,-82.7553,7.220749793095794
DAR-DIA-23aa0b97-20,-7.0,6.307345873404374,-77.361,6.383953595959602
LON-WEI-8f408cad-9,-5.8,7.245187645049389,-67.5655,7.185974408424912
AAR-POS-8a4e0f60-4,-7.8,7.204636683621932,-92.9214,7.257580215118216
WAR-XCH-b72a1bbc-39,-6.0,6.960522273504263,-74.2631,6.546963471861472
JAN-GHE-83b26c96-20,-5.8,6.366230533910535,-65.7333,6.447418728715726
JAG-UCB-a3ef7265-22,-5.8,5.788558464590968,-75.486,6.332530970751475
BAR-COM-4e090d3a-19,-7.6,7.490225924603175,-103.331,7.533091972460547
LON-WEI-1908424e-18,-7.4,6.719464252691755,-80.3931,7.620358161560662
MAT-POS-ee51dedd-1,-6.6,6.8939422539682536,-78.2598,6.945857029082032
MAT-POS-590ac91e-61,-8.7,7.25808461310911,-80.7952,7.249243904761907
BAR-COM-4e090d3a-38,-7.2,7.320013084526588,-81.8091,7.331607603341106
STE-KUL-2e0d2e88-2,-7.5,6.710602440836942,-76.5579,6.827227662948159
JAG-UCB-ef2c0e8e-5,-7.0,6.115435428959932,-71.4968,6.311191725163733
COM-UCB-8c7d23dc-16,-7.3,7.341491641525147,-79.4558,6.975299549284053
JAG-UCB-ef2c0e8e-6,-7.0,6.058298081529582,-79.2212,6.259746290598288
LON-WEI-babf2c61-11,-7.5,7.30606095887446,-93.649,7.643590314701643
LON-WEI-b8d98729-2,-6.9,7.245585259906769,-75.3349,6.9796849918969945
MAK-UNK-23561bf6-1,-6.0,6.917923649350644,-67.7539,7.1477016435786425
BAR-COM-4e090d3a-5,-7.3,7.398192872904878,-76.6022,7.323239779498286
BAR-COM-4e090d3a-9,-7.5,7.2965882149517105,-86.3357,7.6299022604062685
ALP-POS-c59291d4-2,-7.8,7.5907442281052315,-87.6591,7.613142833999333
AAR-POS-ac4b8cb8-1,-5.9,6.490556841269842,-76.063,6.353225381673879
LON-WEI-b8d98729-35,-6.9,7.21639719622045,-92.562,7.514543815628813
EDJ-MED-e58735b6-2,-6.4,6.45141625185925,-78.156,6.636377040792544
JAN-GHE-83b26c96-18,-7.3,5.826619185203684,-73.0474,6.07094261577311
IAN-BAS-647c7407-1,-9.6,7.680164730741477,-91.0753,7.760007393245642
LON-WEI-adc59df6-7,-6.5,7.655949191325015,-89.1383,7.495463836219332
BAR-COM-4e090d3a-36,-6.3,6.9887753026418045,-83.2536,6.815458986901992
BAR-COM-4e090d3a-22,-7.0,7.097404209623705,-77.9629,7.0631933801198805
BAR-COM-0f94fc3d-41,-6.3,6.674342608114112,-77.4927,6.8245182992007996
BEN-DND-7e92b6ca-16,-8.3,6.799547853424348,-72.0232,7.0965970171495165
BAR-COM-4e090d3a-43,-7.5,6.831010800144299,-76.7026,6.813955789099783
ROD-LAS-d5538ff9-8,-7.1,6.767232945557712,-77.6266,6.7451820174857815
CHR-SOS-7098f804-7,-6.7,5.853461533522028,-71.8563,5.898074663669656
JAG-UCB-ef2c0e8e-3,-7.2,6.280321323232324,-79.7107,6.670660677489178
MAK-UNK-6435e6c2-1,-6.0,6.928906536796531,-66.6747,7.151930862470857
MAT-POS-02ae579f-1,-7.7,7.746907487123988,-93.0745,7.54452036052836
BAR-COM-0f94fc3d-7,-7.0,7.147219973359972,-86.2037,7.319535370851367
BAR-COM-4e090d3a-47,-7.6,7.292247879453878,-92.5531,7.396396653679654
MAK-UNK-6435e6c2-4,-5.7,5.3417673674658674,-71.8164,5.900134489898993
LON-WEI-b8d98729-37,-7.2,7.599034312409812,-79.2445,7.5966983427128385
WAR-XCH-b72a1bbc-10,-6.9,6.037950991286495,-70.1637,6.133594803252307
NAU-LAT-8502cac5-2,-6.8,6.780413418858919,-71.7417,7.038502249028746
MAK-UNK-af83ef51-2,-6.2,6.560745619380622,-77.8178,5.902540554223558
DUN-NEW-f8ce3686-24,-7.3,7.258346906371402,-85.1694,6.8915347806637826
JOH-UNI-c7afdb96-5,-6.7,6.625627326895317,-74.0673,6.661173335109327
PET-SGC-2e937068-1,-6.7,7.008495261127763,-72.1506,6.722766861638358
ALP-POS-91609ae9-1,-6.8,5.878131207292707,-85.2934,6.390905189477191
LON-WEI-adc59df6-35,-6.9,7.239024254329003,-83.9909,7.298078585525586
ALE-UNK-fca05062-1,-7.6,7.908035409534911,-105.045,7.793665029748037
CHR-SOS-7098f804-14,-6.8,5.673227140581641,-68.2102,6.782058759074256
BEN-DND-7e92b6ca-12,-7.8,6.739487002691754,-77.6497,6.815219896714398
LON-WEI-adc59df6-72,-5.5,6.897919894855138,-84.5762,7.17216238089688
JAN-GHE-83b26c96-13,-6.5,6.225044142468642,-76.0561,6.115233821067829
ANN-UNI-26382800-3,-5.7,5.647054480519477,-55.0764,5.6084567712842786
LOR-NOR-30067bb9-12,-5.9,6.276158800810298,-72.1664,6.73290307908758
JAN-GHE-5a013bed-8,-6.0,6.053802298756803,-71.6393,6.421789955322459
JAN-GHE-5a013bed-5,-5.8,5.6571212683982655,-71.3205,5.4909480309135335
LON-WEI-d1c9908a-9,-6.8,7.014763355422359,-84.7813,7.46625175052725
BAR-COM-0f94fc3d-58,-5.9,5.9280238737373745,-78.0615,5.467559434565435
BAR-COM-4e090d3a-11,-7.0,6.7537802042402015,-90.9854,6.86401273953824
LON-WEI-b8d98729-4,-7.1,6.3275052774447795,-73.301,5.337875940170939
BAR-COM-0f94fc3d-51,-6.6,7.002734340936835,-75.5303,7.1142870975691
BAR-COM-0f94fc3d-5,-6.3,7.0260873870573874,-77.0388,7.1116162560772525
ALP-POS-c0c213c9-9,-7.4,7.198179756243763,-85.4538,7.572482766400269
ALP-POS-c59291d4-1,-7.7,7.2610717304639785,-92.0553,7.50257176676102
BAR-COM-4e090d3a-65,-7.4,6.732153325119323,-72.4338,6.724530164668665
NAU-LAT-8502cac5-7,-7.1,6.955668296481296,-64.7922,7.158629981018976
LOR-NEU-c8f11034-2,-7.0,6.213200928404922,-74.8336,6.125543547563546
CHR-SOS-363cfb78-2,-5.8,5.802737996059506,-55.1733,5.655381381007883
TRY-UNI-714a760b-12,-5.3,5.689922825396825,-44.5084,5.560251909812406
MAK-UNK-6435e6c2-3,-5.4,6.296746803030302,-66.8968,6.3336950162615135
BEN-DND-61647d40-18,-6.4,5.556453986291476,-71.4633,6.313488113941612
TRY-UNI-714a760b-18,-5.8,6.064690346597848,-66.2815,6.374983716561217
FRA-BIO-8bf1eac9-2,-7.2,6.9750346733266815,-92.7262,6.931729110861363
BAR-COM-4e090d3a-51,-6.8,7.149239674880674,-81.6302,7.311486315295813
ADA-UNI-f8e79267-5,-5.9,6.818861379620388,-79.7366,6.823287871017872
JOH-UNI-c7afdb96-3,-6.5,6.703088670940174,-74.0594,6.739206710844711
LON-WEI-ff7b210a-4,-7.3,7.063189247474753,-83.0774,7.318664579365077
GIA-UNK-a79af1bc-1,-5.8,5.867932411033407,-70.4863,5.865103005772013
BAR-COM-0f94fc3d-3,-7.3,6.826834759740268,-87.5862,7.145147393939395
NIR-THE-c331be7a-6,-6.9,6.32021125518925,-77.4733,6.4965270791430845
BAR-COM-0f94fc3d-4,-7.7,7.0944184538239465,-91.8011,7.079427728715722
MAT-POS-590ac91e-65,-8.1,6.880583053838322,-73.90899999999998,7.075610717393719
LON-WEI-adc59df6-60,-6.9,7.433150663281165,-82.3713,7.460594648629151
REN-UFA-aaaed2d6-3,-6.4,6.457320252747259,-79.1518,6.53903242063492
LON-WEI-b8d98729-25,-7.6,7.424539403540896,-81.5855,7.637182103174605
ANT-STE-dbb91f63-1,-7.1,6.785020259795762,-77.3139,7.079330149017642
RAL-MED-2de63afb-12,-6.4,6.832073805638803,-77.7223,6.7391922942612945
JAG-UCB-ef2c0e8e-8,-7.0,6.614983365023872,-82.0832,6.63247633716284
JAN-GHE-5a013bed-7,-6.5,5.730782628482633,-69.6642,5.6553770256410285
AUS-ARG-7cfdce8f-15,-9.1,7.362470986679991,-91.1271,7.444685756521255
GIA-UNK-d2defdc3-6,-6.5,6.4307596442446435,-66.1012,6.363333011377505
MAK-UNK-9159f8ed-6,-7.5,6.5930025859140855,-82.1656,6.853099376956375
BAR-COM-4e090d3a-21,-7.7,7.301157936951936,-80.69800000000002,7.5711274507714545
GAB-REV-70cc3ca5-18,-6.4,6.832783560384054,-69.5377,6.703782250582753
BAR-COM-4e090d3a-60,-7.6,7.069710269008765,-77.6162,7.033478674159178
LON-WEI-d1c9908a-7,-7.0,7.3360271295812,-83.6028,7.3914264753024765
LOR-NOR-30067bb9-9,-7.1,6.6310296527361485,-76.3393,6.733418275613272
VIJ-CYC-1a381570-11,-6.1,6.284047463924964,-72.845,6.326370706682208
JOR-UNI-2fc98d0b-12,-7.7,6.780095595238099,-83.9367,6.8594241919191905
ALP-POS-95b75b4d-4,-6.6,6.425505645299151,-78.7234,6.4504211695526745
VIJ-CYC-1a381570-5,-6.5,6.7000906055611065,-70.469,6.562524825396823
ALE-UNK-fca05062-3,-6.5,5.744951231823731,-78.8235,6.277093154401152
ANN-UNI-98d2bf15-2,-7.0,6.945348295815292,-75.0562,6.723965526029524
NAU-LAT-64f4b287-7,-7.1,6.667282814518815,-76.6288,6.631355175990683
ERI-UCB-5b47150d-6,-5.4,5.626392469696967,-66.4458,5.218632790043286
LON-WEI-b8d98729-17,-6.9,7.167366576284827,-85.5958,7.52047753374403
MAT-POS-c79fcd02-1,-8.3,7.626708045315791,-82.439,7.670936061938059
MED-COV-4280ac29-26,-6.4,6.6759669740259735,-90.7787,6.813769061383063
LON-WEI-adc59df6-94,-6.7,7.2196516817904275,-81.7808,7.1135960730380745
JAG-UCB-a3ef7265-15,-6.5,6.107153985347988,-72.4038,6.250045396436902
MAT-POS-916a2c5a-3,-7.5,6.826616044733043,-71.5226,7.506842461038962
LON-WEI-b8d98729-15,-7.7,7.528900615079364,-94.7626,7.617506020162841
GAB-REV-70cc3ca5-4,-6.8,7.063227841547339,-70.0411,6.7965844205794195
BAR-COM-0f94fc3d-49,-6.6,6.439789686646693,-76.3081,6.031610885614394
TRY-UNI-714a760b-5,-6.1,6.271971700077697,-74.5346,6.034709078643591
TRY-UNI-1fd04853-5,-7.4,6.8509928589743625,-85.1778,6.8189622490842545
DAR-DIA-23aa0b97-15,-6.2,5.479309992396495,-62.0836,5.861191899489406
LON-WEI-1908424e-4,-8.2,7.447450012376512,-92.2923,7.462577554723049
TRY-UNI-714a760b-20,-6.8,6.781502936951936,-76.6817,6.921312402486406
BAR-COM-4e090d3a-15,-7.2,6.59818494538794,-88.7943,6.958624924242425
ERI-UCB-5b47150d-5,-4.8,5.339857265123758,-62.403,5.427587996225991
LON-WEI-adc59df6-89,-6.5,7.2533760147630115,-80.2426,7.064027760295257
JAN-GHE-83b26c96-17,-6.4,6.547507562104558,-73.3577,6.3225564173604125
LON-WEI-8f408cad-10,-6.3,7.363719701492947,-72.9314,7.529407165057161
JAG-UCB-c37fbdcd-2,-7.9,6.8898628939393936,-82.6563,7.087856542695872
LON-WEI-b8d98729-43,-7.1,7.557102388322457,-74.5243,7.530181622116443
LOR-NOR-30067bb9-4,-6.9,6.350552213675207,-79.6862,6.370631709734706
VIJ-CYC-1a381570-10,-6.2,6.402073437950939,-78.1511,6.529135639582639
NIR-THE-0d6461ce-8,-6.1,5.266325275946271,-76.6386,6.031344238095239
LON-WEI-d1c9908a-3,-6.6,7.5163172823010385,-80.1503,7.565187184149183
JOH-UNI-c7afdb96-10,-6.5,6.891953714674207,-79.3249,5.857403971388093
LOR-NOR-30067bb9-15,-6.0,5.151922392607394,-65.8829,5.5569271018425965
JAR-KUA-672ec752-1,-7.0,7.048896884559888,-80.6966,7.089152984959482
WAR-XCH-72a8c209-10,-8.6,7.272703496586745,-93.7585,7.305832536990792
LON-WEI-babf2c61-8,-7.5,7.2227735959595964,-92.6232,7.50584463791764
AUS-ARG-7cfdce8f-1,-6.4,7.2139501305916305,-77.1123,6.851087873570871
BAR-COM-4e090d3a-49,-6.1,6.2546757606837655,-67.9274,6.545246412698416
COM-UCB-8c7d23dc-7,-8.1,7.0992078030303025,-83.2526,7.297268246864245
JAN-GHE-83b26c96-12,-6.4,6.431864161560662,-74.0464,6.518558804473307
JAG-UCB-1d922829-5,-7.4,6.838901176601177,-80.813,6.848988101620599
BEN-BAS-baaab58b-1,-7.6,7.264164907037412,-91.0061,7.394758276778782
MAT-POS-ee51dedd-3,-7.5,6.991033459151963,-86.7926,6.967013147186142
COM-UCB-8c7d23dc-15,-7.8,7.252232968364978,-79.6518,7.3113796219336304
MAT-POS-4e253971-2,-6.8,6.397860355366857,-81.467,6.513587230602736
AAR-POS-8a4e0f60-1,-7.6,7.134214741924738,-87.815,7.171619547008553
SER-UNI-985a0e14-4,-7.5,7.143257265068272,-88.193,7.1697803845598855
MAT-POS-590ac91e-52,-8.2,6.988416025974021,-86.9352,7.208074907647908
LON-WEI-adc59df6-73,-6.4,7.156817905344656,-73.3333,7.151831529276282
DAR-DIA-842b4336-16,-5.8,5.827959056221558,-66.4762,5.898675505383504
MAT-POS-590ac91e-57,-8.8,7.032745892551889,-71.5976,6.8570809714729695
AAR-POS-dddeddbf-5,-7.8,7.377655486679987,-87.4802,7.5027053262293295
BEN-DND-7e92b6ca-10,-8.3,6.9609796227661205,-82.50299999999999,7.1581776471861485
MAT-POS-590ac91e-41,-7.2,7.06016679148629,-80.5952,6.7350479627039626
WAR-XCH-72a8c209-5,-7.6,6.86693483050283,-89.2651,7.109639913780661
GIA-UNK-3f36037a-7,-6.7,6.572156237651242,-74.5853,6.718487336274833
BAR-COM-4e090d3a-10,-8.4,7.454382385281385,-82.1418,7.584858168498168
LON-WEI-b8d98729-36,-7.0,7.197973400876897,-86.4106,7.646245166111666
ALE-UNK-fca05062-4,-6.5,5.9342811341436335,-78.4856,6.111353699467196
CHR-SOS-f7373dd1-4,-6.3,6.3800421678321735,-77.57300000000002,6.6612281230991215
LON-WEI-adc59df6-37,-6.8,7.483932795248865,-75.5535,7.230430194805195
EDJ-MED-49816e9b-5,-6.4,6.386023458652468,-63.3012,6.376748570429576
ADA-UNI-f8e79267-2,-6.6,6.925085308136309,-84.6097,6.986694570707067
LON-WEI-adc59df6-3,-6.1,6.700947149517147,-81.5133,6.7820216558441615
LON-WEI-babf2c61-4,-7.3,7.542470425491168,-89.8355,7.442179178210674
JAN-GHE-83b26c96-8,-6.0,6.578289317293817,-81.9199,6.429856425685429
BEN-DND-7e92b6ca-4,-7.6,7.009868589022084,-80.5622,6.906273788933286
LUI-IND-2c46affe-3,-8.0,6.8290074377844405,-78.5774,6.904091998057496
TAM-UNI-d1c3dd9f-5,-7.2,6.902894592799357,-79.9516,6.186417466810969
DUN-NEW-f8ce3686-14,-6.7,6.957323524198031,-70.7205,7.021643872294371
WAR-XCH-bdd24732-16,-8.6,7.250875609779112,-86.8768,7.225499262293261
GAB-REV-70cc3ca5-3,-6.9,7.065568373737374,-64.7558,6.520662772560775
PAU-UNI-8cdd41c7-1,-6.2,6.708692236374732,-76.6185,6.810328464368963
JAN-GHE-83b26c96-6,-6.0,5.834284408369411,-73.5609,6.798331561938063
LON-WEI-ff7b210a-6,-8.5,7.021560485486737,-74.264,6.418832467532472
JAN-GHE-83b26c96-7,-5.5,6.71210368126318,-71.4818,6.750264342990342
MAT-POS-590ac91e-63,-8.5,6.894332542127809,-79.0287,7.168511324081145
GIA-UNK-30c7cb75-3,-6.7,6.0029695556665565,-70.4291,5.3703840847485855
GAB-REV-70cc3ca5-22,-7.2,7.085904725552227,-72.3715,6.88956029281829
JAN-GHE-83b26c96-22,-5.2,6.186647798978796,-61.0343,6.432314999611504
FRA-BIO-8bf1eac9-9,-6.7,6.883166294316797,-84.4589,6.401368683483182
LON-WEI-b8d98729-30,-6.9,7.501716923909433,-78.5782,7.580499020035522
MAK-UNK-30aad1f1-12,-7.1,6.842708374625379,-64.8403,7.093500320790326
BAR-COM-0f94fc3d-25,-6.3,6.541201735486734,-67.0471,6.709135000332997
BEN-DND-7e92b6ca-7,-9.0,6.937861384004879,-73.1597,7.077491602619598
GIA-UNK-30c7cb75-1,-6.5,6.710726669996675,-76.6202,6.8396719473304435
ADA-UCB-6c2cb422-1,-7.2,6.006206573426577,-79.935,6.30770757792208
NAU-LAT-8502cac5-1,-7.0,6.566028043900541,-80.6445,6.966218116383616
MAK-UNK-129dcd6f-9,-6.5,6.891688542235543,-61.2007,6.964942589410594
MAT-POS-590ac91e-58,-8.8,7.03994765373515,-76.72,6.955385369241864
LON-WEI-ff7b210a-3,-7.2,6.287139208513705,-69.7113,6.329333479575978
JAN-GHE-83b26c96-25,-7.1,6.710720583916088,-72.1141,6.791826065878572
MAR-UNI-9ca61fdc-1,-6.0,6.662127588023091,-70.2999,6.583557921026684
LON-WEI-adc59df6-44,-6.4,7.107195055527807,-80.3326,7.088863688478191
MAT-POS-590ac91e-22,-5.5,5.473139109446112,-70.4662,6.2171635784215775
DAN-LON-a5fc619e-3,-6.7,6.8700688145188185,-81.1983,6.721398474747473
LON-WEI-adc59df6-99,-6.3,6.992946518620268,-73.4296,7.029194115967366
ALP-POS-90c18d1d-1,-6.9,6.766729430735924,-84.6463,6.9779453639971205
DAR-DIA-fb20be43-6,-7.1,6.655689784992787,-79.3041,6.849797700577202
MIH-UNI-e573136b-5,-6.6,7.0259651377544055,-79.9072,6.755351652125647
VLA-UCB-00f2c2b3-1,-6.5,6.784382282384282,-78.3328,7.024025028915534
JOH-MSK-35a8745a-1,-5.8,6.036359120934622,-67.7586,6.026493467199466
WAR-XCH-b72a1bbc-49,-6.1,6.674725130425129,-72.7204,6.544829459984458
SWA-SYN-d2e6fa14-9,-7.9,6.807817625818634,-77.2645,7.1660259599844665
DAR-DIA-23aa0b97-14,-6.3,5.547126531746036,-63.8572,6.264376728771228
NIR-THE-c331be7a-1,-6.8,6.502507966144964,-76.2028,6.61201313064713
LON-WEI-ff7b210a-9,-8.8,7.4841706057275985,-78.2518,7.170225597624599
WAR-XCH-b6889685-26,-7.6,6.897369906093893,-86.0561,6.912455560717056
JAN-GHE-83b26c96-14,-6.6,6.070951220446224,-78.9502,6.51180196003996
LON-WEI-1908424e-1,-6.3,5.994515039238545,-76.0605,6.386525655344659
JOH-UNI-c7afdb96-6,-6.8,6.317205418470416,-75.7034,6.353170044566539
LON-WEI-1908424e-14,-7.2,7.037256885891894,-76.7615,7.310707407148416
WAR-XCH-72a8c209-9,-7.2,6.628291867604619,-86.2064,7.0999785617438045
ALP-POS-c0c213c9-5,-7.5,7.407349679542682,-97.452,7.45439042279943
MAT-POS-590ac91e-53,-7.6,7.3219310130702615,-83.7945,6.767129953324455
AAR-POS-8a4e0f60-8,-7.7,7.145551724081472,-86.3211,7.504207543234539
BRU-THA-a358fbdd-2,-6.9,6.654312262681764,-76.315,6.941069073926068
MAK-UNK-0d6072ac-20,-6.8,6.256950696303695,-80.0996,6.299048184038183
MED-COV-4280ac29-12,-6.6,5.474051353091356,-75.6987,7.034297356421358
LOR-NOR-30067bb9-2,-7.4,6.286364335997334,-79.1245,6.624474805805303
LOR-NOR-30067bb9-3,-7.0,6.3019603542568525,-81.623,6.426581883671881
LON-WEI-ff7b210a-1,-8.8,6.803755205572211,-87.4807,7.118578637029639
LON-WEI-adc59df6-31,-6.3,7.058213923354424,-77.6404,7.357216518564768
MAT-POS-590ac91e-70,-9.0,7.18107775480075,-77.4357,7.041079419746917
MAT-POS-590ac91e-46,-8.0,7.2884073198190675,-86.4321,6.3429671796536775
NIR-THE-c331be7a-2,-7.5,6.514728058497058,-77.1674,6.771679502164509
MAR-UNI-c84db004-6,-8.0,6.292021111388609,-76.1851,6.292846104118103
LON-WEI-1908424e-8,-8.1,7.214060009712509,-88.4762,7.1858663212065705
JAG-UCB-a3ef7265-4,-6.6,6.457688822677326,-70.7175,6.051264704351205
CHR-SOS-7098f804-11,-5.8,5.520270148240644,-58.6352,5.1397324990565005
BAR-COM-4e090d3a-8,-7.7,7.272615301698309,-79.175,7.045909433566438
ROD-LAS-d5538ff9-1,-7.7,7.305879248695747,-79.7504,7.205634631283753
MIH-UNI-6b9ca91a-5,-7.1,6.386914807248303,-77.3781,6.566792986346981
DAR-DIA-8e329c92-9,-8.5,6.7534064190254215,-81.1663,6.795490791541799
BAR-COM-0f94fc3d-40,-7.2,6.8572868450993445,-84.7168,6.974463960372955
BAR-COM-0f94fc3d-20,-7.3,7.1943076776001735,-83.0004,7.183497644411143
DUN-NEW-f8ce3686-25,-7.0,6.870796839160845,-84.7366,6.8124879519369514
RAI-NOV-2f6a9876-1,-7.8,7.227844120934621,-84.8855,6.897953443167932
JAN-GHE-83b26c96-21,-6.4,6.125544473359968,-68.1261,6.4423225098790065
JAG-UCB-47403a7c-1,-6.8,6.426143021811527,-74.2508,6.315340527084026
MED-COV-4280ac29-37,-6.1,6.726124188200688,-78.2996,6.901526253246755
WAR-XCH-b6889685-27,-7.4,7.010286021922524,-80.954,6.850456560439553
DAR-DIA-23aa0b97-6,-6.5,5.853945082417591,-71.5307,6.498756651404153
LON-WEI-adc59df6-54,-6.5,7.3680008460150885,-83.4343,7.171703935786438
JOO-IND-6372a4f3-2,-7.1,6.2596209758574775,-78.3968,6.258738239593736
NAU-LAT-64f4b287-9,-6.3,6.16468013059163,-75.0354,6.479131422244422
LON-WEI-adc59df6-59,-5.8,7.213755465728711,-77.8022,7.104118608946611
JAG-UCB-ef2c0e8e-7,-7.1,5.476763547563554,-77.7587,6.004486781440788
IAN-BAS-36ca50f1-1,-8.1,7.229296684704192,-83.1789,7.335999279165272
MAT-POS-590ac91e-8,-5.2,5.395769707792208,-62.504,5.690368347374848
LON-WEI-babf2c61-1,-7.4,7.472430395548898,-94.59,7.516126147186147
GIA-UNK-d2defdc3-3,-7.3,6.738310152569653,-80.087,7.01478811993563
BEN-DND-61647d40-14,-7.4,6.909365064047066,-79.7065,6.937648285769787
MAT-POS-590ac91e-9,-4.9,5.684042723776217,-64.2372,6.003697278221776
ROD-LAS-d5538ff9-6,-7.8,6.704044334054828,-75.7419,6.696380867632356
DAN-LON-a5fc619e-8,-6.3,6.266003326118323,-74.3398,6.755954118770118
VIJ-CYC-1a381570-12,-6.3,6.326512990731483,-74.497,5.999397575757572
LON-WEI-0a73fcb8-2,-6.3,6.7052573621933655,-64.4325,6.859307991841492
MAK-UNK-af83ef51-6,-6.0,5.767986647907644,-73.1138,6.164574921633923
LON-WEI-adc59df6-23,-7.0,7.3641980151515165,-90.6003,6.917483695582197
STU-CHA-83dacf15-1,-7.0,6.959397344155843,-71.8617,5.910121633477624
JOO-IND-6372a4f3-6,-6.9,6.543782477633478,-77.84899999999998,6.151710249639241
CAS-DEP-751a2458-2,-6.7,5.923430235764236,-72.615,6.558119958874457
BAR-COM-4e090d3a-35,-6.6,7.285351760461759,-80.5288,7.456116573648579
RAL-MED-2de63afb-10,-6.4,6.135514019480518,-72.4627,6.361347918470418
DAV-CRI-14a23e73-1,-7.0,6.716297257076263,-75.3926,7.001267444444442
JOH-UNI-c7afdb96-9,-6.1,6.8001935732045675,-76.9597,5.736859597539722
RAL-MED-2de63afb-14,-7.6,7.3095248504273425,-84.2608,6.5034818099678064
LON-WEI-adc59df6-101,-6.3,7.1225350259462745,-76.0458,7.327200760822516
MAT-POS-590ac91e-60,-8.9,6.984410013212278,-71.4891,7.148206339493843
DAR-DIA-fb20be43-7,-6.8,6.480789980519482,-84.6805,6.743171881007878
BAR-COM-0f94fc3d-23,-6.0,5.804002925685428,-72.3081,6.638968286269287
MAT-POS-590ac91e-48,-7.6,6.911584974220222,-75.2387,6.756020261460764
EDJ-MED-49816e9b-3,-6.0,6.407802214618719,-63.3382,5.837799523088025
MAR-UNI-c84db004-3,-7.4,6.5142416255966245,-81.7509,7.196439195693194
BAR-COM-0f94fc3d-48,-6.9,6.871643996947499,-77.0142,7.114649565934063
NAU-LAT-f723e322-4,-6.4,6.517624024198022,-73.0362,6.581957823953828
JAG-UCB-4709a583-1,-7.4,7.027694558941063,-68.453,5.667233812576315
BAR-COM-4e090d3a-20,-7.0,7.0077967423132455,-82.5907,6.968606751692756
PET-SGC-abcbce68-1,-6.5,7.018477043179043,-71.5961,7.1167304473304505
LON-WEI-1908424e-11,-8.7,6.997878158896662,-80.4081,7.138113851703857
MED-COV-4280ac29-33,-6.1,6.514210438672436,-80.571,6.991584976967479
LON-WEI-b8d98729-38,-7.2,7.147576586080593,-89.287,7.605709297369302
JOO-IND-6372a4f3-4,-6.7,6.275560233877237,-77.1978,6.1331451802641865
ALP-POS-c0c213c9-14,-7.6,7.0369378827561375,-83.2011,7.362310557303809
LON-WEI-d1c9908a-2,-7.3,7.1848584661727175,-93.6177,7.388587116328112
LON-WEI-1908424e-16,-6.2,6.0113906107781085,-75.2828,6.009935185758687
FRA-BIO-8bf1eac9-10,-6.3,6.5029010113220105,-79.0759,6.8965009971139954
MAT-POS-4e253971-3,-6.6,5.3799917826617865,-67.1517,6.357767921800423
GIA-UNK-595fac82-2,-6.1,5.953529236430239,-63.7097,6.149015154734154
LON-WEI-adc59df6-28,-7.0,7.3504435477855505,-84.5574,7.1736845988455995
NAU-LAT-64f4b287-3,-6.5,6.078277903263404,-70.8701,6.535767919580426
LON-WEI-adc59df6-55,-5.9,7.037388515789773,-72.0206,7.277545430902434
STE-KUL-2e0d2e88-1,-6.9,6.869328759795759,-79.8017,6.469595496003993
JAN-GHE-83b26c96-15,-6.0,6.2866473871683874,-68.5706,6.6220340150405175
LON-WEI-adc59df6-78,-6.7,7.210546007908762,-74.6032,7.245279075702076
ALV-UNI-7ff1a6f9-47,-6.9,6.259273323565326,-80.1084,6.524316658785665
CHR-SOS-7098f804-10,-6.0,5.552044152236652,-63.0395,6.028081536796532
ANN-UNI-98d2bf15-5,-6.9,6.807933711066706,-72.5655,6.690752155788653
BEN-DND-61647d40-8,-6.5,5.7117910248640245,-71.4022,6.499436715617717
MAK-UNK-0d6072ac-21,-6.9,6.3222704664224585,-80.1352,6.1524614499389445
SIM-SYN-f15aaa3a-1,-7.0,6.791754433621931,-80.9792,6.808196882395383
NAU-LAT-8502cac5-5,-6.8,7.250504476190477,-82.1382,7.186585056277052
ALE-UNK-fca05062-2,-7.2,8.019650986790994,-118.466,7.77012837445888
NAU-LAT-8502cac5-6,-6.7,6.724825119269626,-74.3985,6.981602518537022
LON-WEI-8f408cad-5,-5.5,6.249853862970357,-69.3531,6.0123737020757
FRA-BIO-8bf1eac9-1,-8.1,7.394760160338031,-72.3216,7.303486458874464
LON-WEI-b8d98729-32,-6.3,7.307091332167829,-78.2027,7.2837324019314025
MAT-POS-c478e61b-1,-8.4,7.539899357975358,-92.2168,7.281809807470304
BAR-COM-0f94fc3d-33,-6.9,7.094461145743143,-72.9883,6.801698947913197
ERI-BAS-37e2bb46-1,-8.6,7.5771914835605525,-92.0678,7.438918750360752
BAR-COM-4e090d3a-26,-6.8,6.7906381078921125,-80.6873,6.9863226587301615
MAT-POS-af71705c-2,-8.3,7.213163920745925,-80.6905,7.446773991647242
GIA-UNK-30c7cb75-2,-6.2,6.475003222943733,-69.9904,6.232284771228776
MAK-UNK-6435e6c2-2,-5.3,6.169333819624821,-67.4999,6.352274500665999
LON-WEI-b8d98729-42,-7.1,7.360859367771122,-75.2083,7.355030860916865
GAB-REV-70cc3ca5-6,-7.0,7.082248563353312,-84.3461,7.103452976800977
MAR-UNI-c84db004-7,-8.1,6.791316292929299,-78.1464,6.79603988161838
LON-WEI-ff7b210a-11,-5.6,5.8081883902486275,-73.1492,5.878262001968612
TRY-UNI-1fd04853-11,-7.3,6.918452946164954,-79.059,7.043233430180941
MAT-POS-ee51dedd-2,-6.1,7.0223371940836845,-66.3923,7.151083320457316
JAN-GHE-5a013bed-11,-6.7,5.314067477799978,-63.3441,5.45391673992675
RUT-UNI-630c5802-20,-6.7,7.325204031135532,-89.0033,7.4435480836940835
MAT-POS-916a2c5a-4,-7.7,6.629375970140969,-71.9004,7.074084786435788
LON-WEI-1908424e-2,-7.2,7.092269880341879,-72.8291,7.549296724691977
BEN-DND-7e92b6ca-13,-7.8,6.826672062937063,-74.1107,6.832130082861588
LON-WEI-adc59df6-2,-6.3,7.2728467067099505,-83.115,7.510120370851366
JOO-IND-b13e14cc-1,-6.8,6.604806006160513,-76.9814,6.17296641053391
TRI-UNI-97428359-1,-7.5,7.031347095238098,-85.6626,6.992446491341988
BAR-COM-4e090d3a-42,-7.0,7.058862641969137,-77.2476,7.361231489898988
RAL-MED-2de63afb-6,-7.3,6.7017632722277725,-83.4669,6.95120534415584
LOR-NEU-c8f11034-3,-5.5,4.908400120768119,-59.8625,5.199243896103897
MAT-POS-590ac91e-11,-5.1,5.387551457431458,-65.1105,6.187854268842269
MAK-UNK-6435e6c2-5,-6.9,6.504725848151847,-74.7213,6.491138937950942
ALP-POS-91609ae9-3,-7.2,6.925882855533353,-83.1104,7.290711098845608
MAR-UNI-c84db004-19,-8.0,5.735581837662343,-77.7668,6.209391489898991
LON-WEI-adc59df6-8,-6.9,7.3468121563714055,-88.0253,7.3129209774669794
GIA-UNK-d2defdc3-2,-7.3,6.790748554057053,-79.7833,6.991851685231439
LON-WEI-adc59df6-45,-6.5,7.665026160367413,-77.8599,7.484135340453659
BAR-COM-4e090d3a-61,-7.3,7.0656766059496094,-83.5801,7.0556538967698925
JOH-UNI-c7afdb96-14,-6.0,6.367614001331996,-75.357,6.380648070540568
BAR-COM-4e090d3a-52,-6.6,6.2964089325674335,-76.5929,6.553242037518039
LON-WEI-b8d98729-39,-7.3,7.438156027639033,-83.1734,7.628089242646244
LOR-NOR-30067bb9-5,-7.0,6.127184905261401,-77.9002,6.271770377955372
AGN-NEW-891393a6-1,-6.3,5.850186069264067,-73.1647,6.50427102131202
EDG-MED-0da5ad92-2,-6.0,6.026765512321018,-73.6557,5.903232957764457
JAG-UCB-ef2c0e8e-10,-6.5,5.8998368888888875,-67.7364,5.8745457424242415
DAR-DIA-23aa0b97-8,-6.1,6.037732196803201,-57.9693,5.174759938727941
LON-WEI-b8d98729-27,-7.0,7.503535112554108,-78.7881,7.424574647907647
AAR-POS-dddeddbf-4,-6.7,6.221941207070709,-74.2492,6.082799847874353
JAG-UCB-1d922829-6,-7.5,6.728014777111772,-85.6687,6.526840013708512
ALV-UNI-7ff1a6f9-45,-6.9,6.311938468753469,-79.4024,6.4917600180375175
ALP-POS-c59291d4-5,-6.9,6.2522327684537675,-77.8691,6.498977405483396
BAR-COM-4e090d3a-48,-7.3,7.07633162093463,-78.4661,7.087931209179704
GIA-UNK-eaadd1d4-3,-7.1,6.4796188606948615,-65.9782,6.469105087912091
GIA-UNK-595fac82-4,-6.3,6.223537018037523,-66.558,6.240759896270392
LOR-NOR-30067bb9-11,-7.4,6.723707550061048,-80.108,6.85169786946387
LON-WEI-adc59df6-93,-5.9,7.036126085858585,-73.8246,7.091483512987011
JOH-UNI-c7afdb96-18,-7.2,6.167126791819285,-73.0625,5.908636892829392
LON-WEI-1908424e-15,-6.6,6.845238041181048,-68.7259,6.866521728771236
NAU-LAT-445f63e5-3,-6.4,6.1066911561771615,-69.5655,6.125557023421023
MAT-POS-590ac91e-34,-8.5,6.95276626695527,-74.5842,7.201911121933618
GAB-REV-4a4e2ff3-20,-7.8,7.127266252525248,-85.7245,7.04591955505605
MAT-POS-590ac91e-10,-5.4,5.4098397835497805,-61.4707,5.447137392829392
LON-WEI-0a73fcb8-3,-7.5,6.929053736485738,-77.7242,7.037559814907307
BAR-COM-4e090d3a-14,-7.1,6.897153437950947,-76.209,7.141057421356428
EDJ-MED-49816e9b-1,-6.1,6.228421194416697,-74.2951,6.455179276168277
KUS-THE-322b9b63-5,-7.6,7.321483422799432,-80.7002,7.352648197802201
RAL-MED-2de63afb-2,-7.6,7.336039519203007,-83.8042,7.348221467587964
JAG-UCB-1d922829-4,-6.9,5.6923087753357695,-84.4183,6.355688464646456
MAK-UNK-b1d4dcd7-3,-7.0,7.132690263347759,-79.8831,7.393429767621268
WAR-XCH-b6889685-25,-7.4,6.412474752691757,-84.6548,7.002900450882452
LON-WEI-b8d98729-33,-6.8,7.3115265066600115,-93.5537,7.597632788766796
DUN-NEW-f8ce3686-1,-7.0,6.352691882062381,-81.8212,6.537916216561216
LON-WEI-b8d98729-47,-6.9,7.348988000887999,-73.4869,7.5270342678432645
MAT-POS-2db6411e-2,-6.3,6.401059752969256,-77.8608,6.030240524531018
MAR-UNI-c84db004-20,-8.7,7.648458109113115,-85.7878,6.688160316350318
DAR-DIA-23aa0b97-2,-7.1,7.112245896880897,-73.7941,7.205598551559553
LON-WEI-babf2c61-14,-7.9,7.511817611832608,-96.0125,7.645503280846606
ANT-DIA-b7f58f21-2,-5.5,5.295391715395723,-68.4681,5.472797288433789
GIA-UNK-d2defdc3-4,-7.2,6.826631366855363,-80.892,6.864440498723497
MAT-POS-590ac91e-17,-6.1,6.0393392793872795,-69.1911,6.499337091297594
KUS-THE-322b9b63-14,-8.7,7.628143836219327,-86.3034,7.406895464590964
LON-WEI-b8d98729-22,-6.6,7.384829473276717,-89.7346,7.5918070605668895
ROD-LAS-d5538ff9-5,-7.4,6.935644498445997,-83.5341,7.13001234587634
JAG-UCB-a3ef7265-1,-6.2,5.7689023769563725,-75.4534,5.782115209235202
ERI-BAS-50567787-1,-8.8,7.520749270673764,-82.9905,7.489148581335328
ALV-UNI-7ff1a6f9-14,-8.0,7.152493798701296,-77.4052,6.9637517756132805
BRU-THA-a358fbdd-7,-7.0,6.9716538139083095,-70.4004,7.12697829076478
BAR-COM-4e090d3a-68,-7.4,7.028076546842043,-79.8124,6.970029504551
LON-WEI-b8d98729-13,-6.3,7.116018152874899,-82.2431,7.508332636530143
FAR-UNI-a04c1544-1,-7.1,7.046419122433119,-109.268,7.066225237873239
DAR-DIA-23aa0b97-1,-7.4,7.004507913863917,-75.7268,7.090294814407812
JAN-GHE-83b26c96-1,-6.4,6.599109656565663,-73.5608,6.842957492840495
LON-WEI-adc59df6-67,-6.3,7.216135616522362,-88.7556,7.2247834435286915
BEN-DND-362d364a-10,-7.1,7.023470961760459,-81.4663,7.1357454083694085
EDJ-MED-49816e9b-2,-6.1,5.300738738816742,-71.2747,6.491016202020206
BAR-COM-0f94fc3d-13,-7.0,6.285391100788098,-68.9103,6.446227649794644
JAN-GHE-5a013bed-1,-6.5,5.552470961926963,-79.5175,6.1398388623598645
ALP-POS-3fc1724e-1,-7.2,6.873761318181818,-75.809,6.425225056998558
AAR-POS-dddeddbf-3,-6.4,5.6286625066045035,-55.449,6.0891616045882175
EDG-MED-0da5ad92-18,-6.6,6.746654052281063,-69.0562,5.3189456010101
AAR-POS-8a4e0f60-9,-7.2,6.9664477966477945,-78.1722,7.1708167715062725
MAT-POS-4e253971-1,-7.2,6.7175879058164085,-83.4227,6.753627720779227
DAV-CRI-3edb475e-4,-5.5,5.215488907925414,-67.0804,5.3980409783549765
LON-WEI-adc59df6-62,-6.4,7.07876378310579,-82.9325,7.051327072316576
DAN-LON-a5fc619e-10,-7.2,6.891914599234098,-85.6419,6.865600695526693
LON-WEI-1908424e-12,-6.7,6.059100971694972,-64.2493,5.952592050505046
JAR-KUA-672ec752-3,-7.1,7.0921275659340655,-68.3079,7.1932752963702935
AAR-POS-dddeddbf-2,-6.8,6.532855736596733,-54.5395,6.6421223931068925
LON-WEI-d1c9908a-4,-7.5,7.45017621553447,-89.4248,7.660937083916079
LON-WEI-b8d98729-20,-7.6,7.512610657092918,-89.3514,7.338480408535918
FRA-BIO-8bf1eac9-4,-7.1,7.387936671911426,-104.35,7.318764595571097
LON-WEI-b8d98729-18,-7.1,7.391559061494068,-89.6809,7.544591927294935
BAR-COM-0f94fc3d-55,-7.6,6.833532881673883,-85.2391,7.077710572871579
TRY-UNI-2eddb1ff-1,-6.9,7.011091534632037,-75.1158,6.673172152403161
LON-WEI-b8d98729-29,-8.2,7.391056539904546,-72.4277,7.423112886169382
MAT-POS-590ac91e-56,-8.8,7.095541619103117,-73.1393,6.9239656193251164
PET-SGC-a8a902d9-1,-7.0,6.977593594128092,-79.7623,7.131077110778108
ERI-UCB-5b47150d-4,-5.3,5.753130649683645,-64.4302,5.706827541070039
MED-COV-4280ac29-31,-6.7,6.404683264846263,-78.5313,6.270257291486298
LON-WEI-8f408cad-1,-6.5,6.055698305194802,-74.9703,5.86774295243645
LON-WEI-adc59df6-30,-6.4,6.962928176961932,-81.0544,6.892461015207014
JAG-UCB-a3ef7265-3,-6.9,6.44941495748696,-78.7954,6.526049004384501
MAR-UNI-c84db004-10,-6.0,6.694095905150409,-74.8087,7.04331626479076
LON-WEI-d1c9908a-12,-6.7,7.000952216616721,-90.1528,7.3257715039405085
WAR-XCH-eb7b662f-4,-6.7,6.039672379620384,-66.9633,6.0470579567099545
BAR-COM-0f94fc3d-46,-6.4,5.735515631812628,-71.178,6.6429997486402526
AAR-POS-5507155c-1,-5.8,6.349000952380947,-60.6097,6.212615605783111
JOO-IND-b13e14cc-2,-6.9,5.996064206404703,-74.619,6.957142217837718
JAG-UCB-a3ef7265-18,-6.1,6.727693673049173,-75.5446,6.620141405372411
MAT-POS-590ac91e-4,-6.0,5.436409799422799,-64.5098,6.004205346153847
MAT-POS-590ac91e-42,-7.0,6.957272591436339,-79.1879,6.7384957852147815
DAR-DIA-fb20be43-4,-6.0,6.866985648740151,-73.0959,7.089106170274169
LON-WEI-adc59df6-102,-7.5,7.37330624006549,-83.4809,7.324494205266959
LON-WEI-adc59df6-10,-6.2,7.235257947052947,-80.7596,7.387824526029523
ANT-OPE-c0c3e7cc-1,-6.1,6.285538234543235,-68.7883,5.352850301198799
JAG-UCB-c61058a9-1,-6.5,6.515771660672662,-67.816,6.845774719891223
BEN-DND-7e92b6ca-14,-8.3,7.004137427045183,-72.6222,7.08031696248196
JUA-UNI-bc099708-5,-8.3,7.450630660950153,-99.437,7.755528049617041
GIA-UNK-20b63697-2,-6.9,6.599173386613388,-75.8549,6.785932138084142
EDJ-MED-6af13d92-1,-7.0,6.8863475808080805,-74.9218,7.017017156343657
LON-WEI-adc59df6-19,-6.8,7.357853571622818,-85.9873,6.884868367965367
MAT-POS-590ac91e-30,-8.4,6.6923649642579655,-81.2999,6.5778590865800926
LON-WEI-b8d98729-28,-7.9,7.477715489454986,-69.946,7.622172993506483
FRA-BIO-8bf1eac9-5,-6.8,5.972995170052168,-79.1172,6.091667720057713
WAR-XCH-b0339bbe-3,-6.9,7.152147141969143,-75.3111,6.973009794816298
LOR-NOR-30067bb9-1,-6.1,5.526923068875562,-68.8458,5.93264644560994
NAU-LAT-64f4b287-6,-7.2,6.502828936396936,-81.4137,6.502795562437563
EDJ-MED-0e996074-1,-6.7,6.9097355883560905,-73.9793,7.116272266178258
MAT-POS-590ac91e-27,-5.5,5.589702826451324,-59.4751,6.406670619713617
LOR-NEU-c8f11034-9,-6.7,6.177344414196908,-80.6171,6.162436552170048
VIR-GIT-7b3d3065-3,-5.2,6.024353009102006,-65.6756,5.8012261558441445
COM-UCB-8c7d23dc-1,-7.3,6.2158787310467325,-70.5508,5.9120223658563535
BAR-COM-4e090d3a-40,-6.9,7.162526875901874,-87.868,7.039964057720053
WIL-UNI-2e73223c-4,-6.5,6.2822490508380495,-82.9774,6.9737519900654945
EDJ-MED-6af13d92-3,-6.9,6.233597991563983,-74.7364,6.5149488023088
TRY-UNI-1fd04853-10,-7.9,7.30718720396271,-83.8832,7.378358598346107
KUS-THE-322b9b63-16,-9.3,7.416367409812413,-97.6136,7.568306478188479
BAR-COM-4e090d3a-27,-7.4,7.393062290098789,-90.2923,7.182976855810847
LON-WEI-b8d98729-24,-6.6,7.154659185037187,-87.2473,7.57766354390055
SIM-SYN-3099a863-1,-7.3,6.833271538184041,-78.6514,7.1756666183261135
LOR-NOR-30067bb9-8,-6.8,6.162804875901879,-76.7668,6.76260978632479
WAR-XCH-79d12f6e-4,-6.2,6.264499465367964,-70.2682,6.321957166444669
WAR-XCH-79d12f6e-6,-6.9,6.508635169552666,-68.8725,6.534590447330447
LOR-NOR-30067bb9-16,-6.1,5.7279859439449385,-71.544,5.692096188311684
JAG-UCB-ef2c0e8e-2,-6.5,5.0878386810966765,-69.5694,5.498195567821068
JOR-UNI-2fc98d0b-6,-7.3,7.251850178488178,-78.71,7.14742703829504
MAR-UNI-c84db004-8,-6.2,6.684677804417808,-63.6443,5.78315088172938
TRY-UNI-2eddb1ff-7,-7.6,7.333696860750357,-81.6051,7.194151698468198
IND-SYN-6c8299e8-7,-7.5,7.061897856865362,-79.1327,7.043161514152512
MAT-POS-590ac91e-64,-8.6,6.84150125840826,-81.6083,7.098656031151854
MAT-POS-590ac91e-69,-9.1,7.3295863933843854,-80.8889,7.017541640193138
MAR-UNI-c84db004-9,-8.0,6.449420691419692,-81.6386,6.9176993946608905
LON-WEI-b8d98729-19,-6.7,7.2803160816960775,-81.7351,7.4042368441166655
FRA-BIO-8bf1eac9-8,-9.0,7.433032290320791,-97.7201,7.356096133144631
BEN-DND-7e92b6ca-3,-7.6,6.976401264180264,-74.5383,6.9326141013986025
LON-WEI-adc59df6-18,-7.0,7.432706699927522,-78.7008,7.182589974192469
BAR-COM-0f94fc3d-50,-6.3,6.588072148018651,-69.7168,6.93084992013542
LON-WEI-adc59df6-32,-7.0,7.330398991536237,-81.4114,7.446293674730494
JAG-UCB-cedd89ab-4,-7.6,6.925985593795091,-72.3586,6.8759416919191905
JAN-GHE-bf40f168-10,-6.8,7.0403401020090985,-79.8189,7.029780402319906
ANT-LOU-17aa1493-2,-5.8,5.914399715839718,-70.7104,6.212295170607165
JAG-UCB-a3ef7265-6,-6.3,5.9279017775557765,-75.4499,6.102228083472084
LON-WEI-adc59df6-6,-7.4,7.665577000554999,-88.7676,7.527670513153514
RAL-MED-2de63afb-9,-6.5,5.573789722222225,-69.4468,5.952469834054838
ALP-POS-c59291d4-3,-7.6,7.40334472760573,-90.1721,7.508653964590968
WAR-XCH-b72a1bbc-23,-6.2,6.435848565434568,-69.9461,6.023454195915194
JOH-UNI-c7afdb96-13,-5.9,6.645129481962483,-73.3815,6.734166665223673
ROD-LAS-d5538ff9-3,-6.2,6.115038894494402,-66.009,6.1835147855477866
ROD-LAS-d5538ff9-9,-7.4,7.107327855477857,-67.7684,7.234658999000995
LON-WEI-b8d98729-48,-7.4,7.399096453268957,-78.9265,7.4543478673271215
LON-WEI-1908424e-17,-7.4,6.857384205627708,-97.8877,7.1024008233988285
MAK-UNK-6435e6c2-6,-6.8,6.506306903707402,-67.3131,6.2536512902652905
JAN-GHE-83b26c96-24,-7.1,6.765006433122433,-73.0061,6.743318289543789
FRA-BIO-8bf1eac9-12,-8.3,7.1711389213564205,-90.0973,6.993453774947269
RAI-NOV-2f6a9876-5,-7.9,7.139390063492067,-87.7547,7.210720781385282
LON-WEI-ff7b210a-2,-8.1,6.570770333111332,-69.4571,6.629805514929514
LON-WEI-adc59df6-66,-6.5,7.39453572763347,-91.7591,7.421128713924959
LON-WEI-adc59df6-58,-5.9,7.1527315765068185,-79.2955,7.0272980036075054
ALP-POS-95b75b4d-1,-6.4,6.471020734432237,-75.7481,6.405643184149183
LON-WEI-adc59df6-96,-6.4,6.994262062049065,-76.2406,7.093625507825504
JOH-UNI-9b01dc72-1,-7.2,6.486193841658339,-58.0907,6.096798898268397
DAR-DIA-eace69ff-36,-5.4,5.641847870851373,-68.1822,5.106134048729046
LON-WEI-1908424e-6,-6.1,6.139384268065269,-81.7786,7.090087715173711
JOH-UNI-c7afdb96-12,-5.4,6.364075765234762,-68.9919,6.404809832334329
MAT-POS-590ac91e-54,-7.7,6.788067789488287,-76.7622,6.786709625541122
BEN-DND-7e92b6ca-11,-7.5,6.697772853757352,-76.7307,6.591378422743926
BAR-COM-4e090d3a-54,-7.5,7.152873778887777,-83.0753,7.339597267010766
MAK-UNK-4c6b313a-1,-5.9,6.945828344544338,-67.6836,7.182512692418691
COM-UCB-8c7d23dc-13,-7.5,6.711450452991447,-76.84,7.388924770118767
BAR-COM-4e090d3a-4,-7.2,7.235346087357086,-83.1982,7.1423956228771255
BAR-COM-4e090d3a-45,-7.0,7.319518822122324,-84.2683,7.522628552947055
LON-WEI-babf2c61-5,-7.6,7.579006909090909,-89.1298,7.662146025974032
ERI-UCB-5b47150d-2,-4.4,5.523800057331556,-52.9929,5.2237630788100775
LON-WEI-b8d98729-12,-8.0,7.404087068098573,-66.5496,7.520408219336217
CHR-SOS-7098f804-12,-6.3,5.712922288211787,-73.745,5.942399392218893
BAR-COM-4e090d3a-39,-7.4,7.304923587412577,-71.9052,7.238586189976687
LON-WEI-0a73fcb8-1,-6.1,6.84655599050949,-60.0109,6.8271883122433135
EDG-MED-0da5ad92-14,-6.4,6.338656214840719,-73.1435,6.361779137973142
JAN-GHE-5a013bed-4,-6.3,5.79588842818293,-65.8049,5.881260574647576
LON-WEI-ff7b210a-8,-8.0,7.027683523920526,-80.9467,7.053988940448438
REN-UFA-aaaed2d6-6,-7.3,6.91475121103896,-84.7775,7.287173905055728
LON-WEI-adc59df6-27,-6.1,7.2578774721830355,-83.6602,6.968008966144969
MAT-POS-968e8d9c-1,-6.3,6.309919537740037,-68.4765,6.881663831890329
BEN-DND-93268d01-7,-6.4,6.254432244366747,-71.2351,6.481453518759017
ANT-OPE-d972fbad-1,-6.3,6.264303013486513,-76.2682,5.314453309135304
BEN-DND-7e92b6ca-8,-7.2,6.7207023883338834,-71.9326,6.424802620768122
GAB-FAC-880f6604-1,-7.5,7.138245945276946,-82.8719,7.200275780663778
WAR-XCH-b72a1bbc-48,-6.3,6.745352343378848,-77.8258,6.726611193528694
JAG-UCB-a3ef7265-24,-7.6,7.213984803141301,-76.5253,7.11247665395716
JAG-UCB-ef2c0e8e-9,-6.7,5.752870545787541,-69.0935,6.094734642080143
LON-WEI-0a73fcb8-6,-5.9,6.639889395881894,-78.32300000000002,6.8132384315684345
LON-WEI-b8d98729-8,-6.9,7.476732258602513,-77.1387,7.5761380136693335
LON-WEI-adc59df6-21,-6.0,7.1983868008380565,-80.9473,7.038498322677326
ALP-POS-95b75b4d-2,-6.1,6.321010432678429,-74.6299,6.152616447330447
LON-WEI-adc59df6-92,-6.4,7.189072329587081,-80.9858,7.181785789682541
MED-COV-4280ac29-5,-8.6,7.371820215007213,-81.4904,6.5147701486846445
BEN-DND-7e92b6ca-5,-7.4,6.513314321067817,-75.1586,6.5300040877455885
GIA-UNK-3f36037a-6,-6.6,5.438963752636251,-73.6763,6.188874912476409
BAR-COM-4e090d3a-63,-7.2,6.8600495081585064,-95.1581,6.919803517260518
MAT-POS-590ac91e-21,-5.9,5.503310452547455,-69.6787,6.187935234876237
LON-WEI-b8d98729-21,-6.8,7.404924601787101,-93.888,7.7018664314574385
ADA-UCB-6c2cb422-3,-6.8,6.7438358583083575,-78.0275,5.877720999278499
ALP-POS-c59291d4-6,-6.4,7.2990336497391475,-83.8586,7.333551820307147
JAN-GHE-5a013bed-2,-6.8,6.778536114330122,-83.4242,6.765062431346434
TRY-UNI-2eddb1ff-3,-6.0,6.684923475468981,-65.8064,6.7397493442113445
COM-UCB-8c7d23dc-12,-7.8,7.019069277722279,-76.8489,6.8477594234654235
LON-WEI-adc59df6-4,-7.3,7.562623916627492,-85.0165,6.9754473997114
DUN-NEW-d8381160-1,-7.3,6.741813652958157,-89.3882,6.7278702647907656
RAL-MED-2de63afb-11,-6.3,5.5526819978355,-66.5706,5.9351835577200625
TOB-UNK-c2aba166-1,-4.9,5.246174196581199,-64.1286,4.781547034465534
LOR-NEU-c8f11034-4,-5.2,4.776264430985681,-59.3432,5.038275198412697
JOH-UNI-c7afdb96-2,-7.0,6.4927181474636475,-74.2533,5.913774537518033
LON-WEI-adc59df6-104,-6.9,7.397590045149295,-80.9033,7.295476620129873
EDJ-MED-e58735b6-3,-6.2,6.590642152625157,-72.2214,6.426640603840604
BAR-COM-0f94fc3d-53,-7.8,7.251435379786877,-77.4309,7.17267525979576
VIJ-CYC-1a381570-3,-7.4,7.086333571484076,-94.7101,6.630114245310253
MAT-POS-590ac91e-12,-6.2,5.7980555518925545,-58.3726,5.730288740259747
JAN-GHE-74b8b0cb-1,-8.9,7.394555955627707,-84.8332,7.229990721500722
BAR-COM-4e090d3a-16,-7.9,7.109499139527142,-81.5653,7.507590994560991
PAT-GYR-359dbb24-1,-6.8,5.376986950105453,-74.7142,6.484128597458098
MAT-POS-590ac91e-1,-4.8,5.013452682539684,-59.9411,5.593926421522918
WAR-XCH-b6889685-23,-6.1,5.843102773060268,-70.9859,6.502098458596957
LON-WEI-ff7b210a-5,-5.3,5.874694821789322,-58.2721,5.922243095349095
GIA-UNK-3f36037a-2,-6.6,6.3525069249639285,-70.6302,5.5701870171495145
GER-UNI-05c7e912-1,-7.7,7.050687483571982,-70.0288,6.997883057220558
LON-WEI-b8d98729-16,-6.6,7.137196598484849,-76.9471,6.878653069264063
LOR-NOR-30067bb9-6,-6.4,6.156683113109112,-75.672,6.257379325230316
AGN-NEW-c7b24fe3-5,-6.7,6.127994217671215,-77.3813,6.423068410422911
EDG-MED-0da5ad92-9,-6.0,5.860872937395942,-69.3602,6.279896171273178
LON-WEI-adc59df6-40,-6.9,7.260072884171388,-81.5138,7.250389517482509
NAU-LAT-64f4b287-4,-7.2,6.396121447163942,-75.6608,6.574928218448222
MAT-POS-590ac91e-62,-8.8,6.968186250530512,-72.0097,6.993306897879894
ALE-HEI-f28a35b5-5,-5.9,6.008796230491737,-66.7912,6.064010795815298
KUS-THE-322b9b63-7,-8.3,7.1518504888999965,-80.1892,7.206497335497841
LON-WEI-adc59df6-47,-7.3,7.4209698205128225,-92.3148,6.865601835553337
RAI-NOV-2f6a9876-7,-8.5,7.351183041236545,-92.2976,7.2644444956154945
JAG-UCB-a3ef7265-16,-5.4,6.4938337398157415,-64.3975,6.7536101978577046
NAU-LAT-445f63e5-1,-6.6,6.4706957215562175,-74.7336,6.167113350760349
CHR-SOS-7098f804-1,-7.2,6.186930161560662,-76.1466,6.724749251526251
ROD-LAS-d5538ff9-7,-6.2,6.296976649961151,-67.2646,5.600208867576869
DAN-PUR-6788a628-2,-6.0,5.90612663997114,-62.5129,5.1100655214230235
MAT-POS-af71705c-1,-6.2,6.609277498612503,-54.8444,6.834464699966701
BEN-DND-93268d01-10,-5.8,5.6993608663003625,-70.7119,5.956600435952934
MAK-UNK-af83ef51-1,-7.2,7.094853439671438,-79.4066,6.718911074758575
BAR-COM-4e090d3a-57,-7.9,7.096689525419023,-87.2271,6.917293724556495
LON-WEI-adc59df6-26,-6.2,7.250539175812743,-82.2633,6.7827680007215
ANT-OPE-ab37bd51-1,-6.0,6.669379300255308,-76.6195,6.863566984348982
GIA-UNK-595fac82-5,-6.1,6.305388992507491,-72.1931,6.284566880230871
COM-UCB-8c7d23dc-18,-7.5,7.113856055833058,-76.058,7.175761213286709
BAR-COM-4e090d3a-44,-7.3,7.213119063963813,-74.4893,6.986705759312589
LON-WEI-2e27a2e5-2,-7.3,7.575922061327565,-97.6586,7.776974179154179
MAT-POS-590ac91e-36,-7.9,6.929742652236652,-73.8097,7.413180169552675
BAR-COM-4e090d3a-34,-7.0,7.09793758613609,-85.2465,7.306455115995113
MAT-POS-bfefc3ea-2,-6.7,6.947055280330779,-92.1991,6.9981369120324075
STU-CHA-6cae54d3-1,-7.0,7.780553338605838,-82.8657,7.644987606948607
TIM-UNK-6bd61028-2,-6.5,6.264081662615168,-70.5657,6.781836629426124
LON-WEI-babf2c61-10,-7.4,7.0710823957708975,-93.0104,7.563842728354982
JAN-GHE-83b26c96-10,-6.0,6.81348936752137,-74.0452,6.697446807969809
LON-WEI-1908424e-5,-7.9,7.463130553391056,-84.0794,7.5572172461427485
MAR-UNI-c84db004-17,-8.2,6.136152998556996,-80.1989,6.750755659618162
MAT-POS-590ac91e-2,-4.7,4.841519117049613,-59.7685,5.612791516761013
JAG-UCB-a3ef7265-19,-5.9,7.1904539916194965,-70.4903,6.841953253191254
GAB-REV-70cc3ca5-20,-5.9,6.203786602952608,-68.9074,6.482882992784992
JAG-UCB-a3ef7265-12,-6.0,6.815281607392608,-75.9126,6.32202723426574
JAG-UCB-a3ef7265-2,-6.2,5.458412749583752,-73.1092,5.964838254301259
AGN-NEW-c7b24fe3-3,-7.2,6.74255466455767,-79.5302,6.894965244089247
JAG-UCB-a3ef7265-23,-6.5,6.660064072372067,-79.8602,6.819213778721278
TAM-UNI-d1c3dd9f-18,-6.5,5.959599301753798,-77.6958,7.25731852336553
LON-WEI-adc59df6-95,-6.4,7.1334852149794585,-72.2095,7.0324594570984535
JAN-GHE-83b26c96-16,-6.1,6.616240555000558,-73.3879,6.5264909437229415
JAG-UCB-a3ef7265-9,-6.5,6.556710767010762,-59.8198,6.643052801920298
JOH-UNI-c7afdb96-7,-6.5,6.643596562659564,-74.346,6.439812492784991
MAT-POS-590ac91e-19,-5.8,6.284255389332893,-64.6506,6.439089062992562
ALE-HEI-f28a35b5-4,-6.4,5.7259733997668985,-65.7121,5.988668794427798
DUN-NEW-f8ce3686-13,-7.4,6.865776459928956,-84.3591,6.842130696914199
LON-WEI-b8d98729-40,-6.9,7.353677145854143,-83.7641,7.522178471028976
GAB-REV-70cc3ca5-21,-6.7,7.0136478982683945,-68.6058,7.1418747205017175
DAR-DIA-23aa0b97-19,-6.6,6.733869505050508,-79.4982,6.85239687229437
MAT-POS-590ac91e-39,-7.0,6.946516838383839,-78.3677,6.611787848373848
BAR-COM-0f94fc3d-59,-7.3,6.8398559023199,-75.6293,6.911048341824842
EDJ-MED-6af13d92-2,-7.3,6.737682898601401,-79.4707,6.714932821178823
LON-WEI-d1c9908a-1,-6.6,7.298582760989008,-80.79,6.799841329004329
WAR-XCH-b72a1bbc-1,-5.7,6.677691979631474,-65.7512,6.5803295718986865
GIA-UNK-eaadd1d4-1,-7.6,6.492315536796531,-70.7923,6.349160248917742
CHR-SOS-7098f804-21,-6.4,5.793003591963598,-71.2084,6.286241166722168
ANT-OPE-7824651a-1,-8.0,6.6349524030446725,-82.1998,6.952760996392501
JOH-UNI-c7afdb96-4,-7.2,6.797648824897329,-75.3144,6.727695344322346
LON-WEI-d1c9908a-10,-7.3,7.309548470029969,-80.8093,7.100936161782668
BAR-COM-4e090d3a-50,-7.4,6.8396154980019945,-80.6863,6.7902028189033095
BAR-COM-0f94fc3d-43,-7.0,7.049328445998447,-83.6536,7.115718388111883
JAN-GHE-83b26c96-11,-5.9,6.441224300144308,-76.6785,6.430835878010884
LON-WEI-1908424e-9,-8.6,6.775000826839817,-86.9407,7.357026040459544
LON-WEI-b8d98729-6,-6.1,6.971218222555224,-72.5854,7.22591005022755
LON-WEI-1908424e-7,-8.6,7.375674947774451,-83.515,7.251013996781004
NAU-LAT-445f63e5-7,-6.6,6.473231372405372,-77.2011,7.042157949494955
JAN-GHE-c863d918-1,-7.3,7.0545418126873125,-79.8801,6.765559736874237
JAN-GHE-bf40f168-2,-8.2,7.278479854978356,-79.6319,7.359377956987469
LON-WEI-babf2c61-2,-7.2,7.452053867410365,-90.8091,7.457731932900431
MAT-POS-c9973a83-1,-6.3,6.207435467032961,-76.8062,6.500052550560549
WAR-XCH-eb7b662f-2,-5.9,6.278664760794761,-57.3772,5.760060563825066
MED-COV-4280ac29-13,-6.2,5.906543124098125,-78.2453,6.808927171439674
MAT-POS-3d050446-1,-6.5,7.214169401265397,-83.7008,6.5996780291375305
DAR-DIA-842b4336-4,-6.2,5.742400943778446,-72.5664,6.278891093129094
JON-UIO-066ce08b-9,-6.0,6.3667163844488845,-75.7347,6.664669322510817
ALP-POS-c0c213c9-13,-8.3,7.397308455211455,-105.822,7.746090666611165
JAG-UCB-c37fbdcd-1,-7.8,7.0218534309024285,-80.7597,7.060123161505161
LON-WEI-8f408cad-3,-6.2,6.973300924963922,-68.8239,6.993111046897536
AAR-POS-dddeddbf-1,-7.3,6.784009771728273,-72.9781,7.144401357864357
CHR-SOS-7098f804-2,-7.2,6.725594845987346,-74.0778,6.8172884809634855
JON-UIO-066ce08b-3,-6.5,5.86620430641581,-70.7126,6.513259516705518
ALV-UNI-7ff1a6f9-43,-7.0,7.064051762848258,-71.7979,7.113703870129867
JAG-UCB-a3ef7265-14,-5.8,6.145668010933517,-69.2207,6.028833602231108
BEN-BAS-0534ec5c-1,-8.8,7.436958776612284,-89.3069,7.486291722888228
MAT-POS-590ac91e-18,-5.6,6.0985484521589495,-60.7072,6.529407108225107
BEN-DND-7e92b6ca-2,-6.8,6.863222968226218,-82.3768,7.070959551587302
BAR-COM-4e090d3a-58,-7.0,6.969517489066491,-83.2255,7.0248218043623005
MAT-POS-2db6411e-1,-7.3,6.984389714008207,-80.5696,7.0506000075480015
BAR-COM-0f94fc3d-18,-6.6,6.818056995948497,-77.2808,6.80309057142857
NIC-BIO-a68395b7-5,-7.1,6.600576541125543,-84.09100000000002,6.8281242287157236
ALP-POS-c59291d4-4,-7.2,7.214320048090799,-76.8991,7.419735639915642
LON-WEI-b8d98729-41,-7.2,7.144445239815742,-85.1,7.121028912753915
FRA-BIO-8bf1eac9-3,-6.2,7.358315223692973,-90.7644,7.4371505748695705
COM-UCB-8c7d23dc-6,-7.2,7.156988054112554,-77.6001,7.268247026029528
EDG-MED-0da5ad92-3,-6.1,6.327501036408032,-70.854,6.885797804029307
LOR-NOR-f9b26152-1,-5.5,4.929599038739038,-59.7841,5.100658246586746
BAR-COM-4e090d3a-66,-7.0,7.148446252691747,-81.5147,6.759367929792428
LOR-NEU-c8f11034-8,-6.8,6.527478634365638,-66.3758,5.61071178521479
MED-COV-4280ac29-25,-6.7,6.632402059163065,-83.3988,6.77834061183261
ALV-UNI-7ff1a6f9-46,-7.7,6.7877044796869805,-88.1351,6.797838810078808
LOR-NEU-c8f11034-5,-6.8,6.0854309038739025,-76.9149,5.9382286524586485
REN-UFA-aaaed2d6-5,-6.4,6.904352297091798,-76.628,6.141320162504164
JOH-UNI-c7afdb96-1,-6.0,6.27560356232656,-70.6881,6.387721067821063
VIR-GIT-7b3d3065-2,-6.3,5.6339850753690754,-72.2252,5.638360282828278
BAR-COM-4e090d3a-29,-7.0,7.043248267010768,-87.3564,6.998795700521695
MED-COV-4280ac29-14,-6.5,6.0784434130314136,-64.1177,6.06079005627705
DAR-DIA-842b4336-13,-5.9,6.208389474414476,-72.0692,6.147167772061271
MAK-UNK-d4768348-1,-6.1,7.0487759737484685,-68.5433,7.2495970115440045
CHR-SOS-7098f804-3,-6.9,6.042819706071707,-76.6604,6.431855946331448
DAR-DIA-23aa0b97-12,-7.1,6.8826970319680365,-82.3438,6.829521233211235
